Location,Role,Resource,StartTimestamp,CaseId,ActivityName
"Seattle, USA",Invoice Processor,Riley,2021-06-29T11:52:40,0,Invoice Entry
"Seattle, USA",Invoice Processor,Riley,2021-06-29T13:22:32,0,Confirm Payment Received
"Seattle, USA",Invoice Processor,Riley,2021-06-29T14:27:28,0,Refund With Standard Voucher
"Seattle, USA",Invoice Approver,Addison,2021-06-29T15:57:53,0,Complete the Customer Memo
"Seattle, USA",Invoice Approver,Addison,2021-06-30T09:57:58,0,Approve Invoice
"Seattle, USA",Invoice Processor,Riley,2021-06-30T13:23:04,0,Credit Memo Creation
"Seattle, USA",Invoice Processor,Riley,2021-06-30T14:24:51,0,Fill Credit Memo
"Seattle, USA",Invoice Processor,Riley,2021-06-30T15:14:45,0,Re-issuing the invoice
"San Diego, USA",Invoice Processor,Casey,2021-06-30T09:10:16,1,Invoice Entry
"San Diego, USA",Invoice Processor,Casey,2021-06-30T15:17:38,1,Confirm Payment Received
"San Diego, USA",Invoice Processor,Casey,2021-07-01T09:33:58,1,Refund With Standard Voucher
"San Diego, USA",Invoice Approver,Jessie,2021-07-01T17:31:31,1,Complete the Customer Memo
"San Diego, USA",Invoice Approver,Jessie,2021-07-02T09:53:47,1,Approve Invoice
"San Diego, USA",Invoice Processor,Casey,2021-07-05T09:57:21,1,Credit Memo Creation
"San Diego, USA",Invoice Processor,Casey,2021-07-05T15:40:48,1,Fill Credit Memo
"San Diego, USA",Invoice Processor,Casey,2021-07-06T09:53:40,1,Re-issuing the invoice
"Seattle, USA",Invoice Processor,Riley,2021-06-30T11:50:08,2,Invoice Entry
"Seattle, USA",Invoice Processor,Riley,2021-06-30T13:14:02,2,Confirm Payment Received
"Seattle, USA",Invoice Processor,Riley,2021-06-30T14:24:28,2,Refund With Standard Voucher
"Seattle, USA",Invoice Approver,Addison,2021-06-30T15:11:07,2,Complete the Customer Memo
"Seattle, USA",Invoice Approver,Addison,2021-06-30T17:38:20,2,Approve Invoice
"Seattle, USA",Invoice Processor,Riley,2021-07-01T09:32:25,2,Credit Memo Creation
"Seattle, USA",Invoice Processor,Riley,2021-07-01T10:13:13,2,Fill Credit Memo
"Seattle, USA",Invoice Processor,Riley,2021-07-01T10:59:10,2,Re-issuing the invoice
"San Francisco, USA",Invoice Processor,Aiden,2021-06-30T16:30:40,3,Invoice Entry
"San Francisco, USA",Invoice Processor,Aiden,2021-07-01T09:12:34,3,Confirm Payment Received
"San Francisco, USA",Invoice Processor,Aiden,2021-07-01T10:22:19,3,Refund With Standard Voucher
"San Francisco, USA",Invoice Approver,Jackie,2021-07-01T11:22:41,3,Complete the Customer Memo
"San Francisco, USA",Invoice Approver,Jackie,2021-07-01T16:22:15,3,Approve Invoice
"San Francisco, USA",Invoice Processor,Aiden,2021-07-02T09:42:17,3,Credit Memo Creation
"San Francisco, USA",Invoice Processor,Aiden,2021-07-02T11:02:00,3,Fill Credit Memo
"San Francisco, USA",Invoice Processor,Aiden,2021-07-02T12:26:40,3,Re-issuing the invoice
"San Diego, USA",Invoice Processor,Abbie,2021-07-01T09:22:21,4,Invoice Entry
"San Diego, USA",Invoice Processor,Abbie,2021-07-01T15:13:54,4,Check Customer Payment
"San Diego, USA",Invoice Processor,Abbie,2021-07-02T09:43:13,4,Credit Memo Entry
"San Diego, USA",Invoice Processor,Abbie,2021-07-02T14:45:33,4,Refund Customer
"San Diego, USA",Invoice Processor,Abbie,2021-07-05T09:36:38,4,Re-issuing the invoice
"Seattle, USA",Invoice Processor,Riley,2021-07-01T14:17:17,5,Invoice Entry
"Seattle, USA",Invoice Processor,Riley,2021-07-01T15:50:57,5,Confirm Payment Received
"Seattle, USA",Invoice Processor,Riley,2021-07-01T17:08:25,5,Refund With Standard Voucher
"Seattle, USA",Invoice Approver,Addison,2021-07-01T17:58:53,5,Complete the Customer Memo
"Seattle, USA",Invoice Approver,Addison,2021-07-02T09:22:58,5,Approve Invoice
"Seattle, USA",Invoice Processor,Riley,2021-07-02T12:10:11,5,Credit Memo Creation
"Seattle, USA",Invoice Processor,Riley,2021-07-02T13:05:33,5,Fill Credit Memo
"Seattle, USA",Invoice Processor,Riley,2021-07-02T13:47:23,5,Re-issuing the invoice
"San Francisco, USA",Invoice Processor,Aiden,2021-07-02T09:17:38,6,Invoice Entry
"San Francisco, USA",Invoice Processor,Aiden,2021-07-02T11:08:01,6,Confirm Payment Received
"San Francisco, USA",Invoice Processor,Aiden,2021-07-02T12:35:32,6,Refund With Standard Voucher
"San Francisco, USA",Invoice Approver,Jackie,2021-07-02T13:51:47,6,Complete the Customer Memo
"San Francisco, USA",Invoice Approver,Jackie,2021-07-05T09:50:10,6,Approve Invoice
"San Francisco, USA",Invoice Processor,Aiden,2021-07-05T13:07:33,6,Credit Memo Creation
"San Francisco, USA",Invoice Processor,Aiden,2021-07-05T14:40:01,6,Fill Credit Memo
"San Francisco, USA",Invoice Processor,Aiden,2021-07-05T16:07:24,6,Re-issuing the invoice
"San Francisco, USA",Invoice Processor,Aiden,2021-07-02T10:27:56,7,Invoice Entry
"San Francisco, USA",Invoice Processor,Aiden,2021-07-02T13:09:12,7,Confirm Payment Received
"San Francisco, USA",Invoice Processor,Aiden,2021-07-02T14:56:00,7,Refund With Standard Voucher
"San Francisco, USA",Invoice Approver,Jackie,2021-07-02T16:43:51,7,Complete the Customer Memo
"San Francisco, USA",Invoice Approver,Jackie,2021-07-05T09:25:46,7,Reject Invoice
"San Francisco, USA",Invoice Processor,Aiden,2021-07-05T12:52:27,7,Refund With Standard Voucher
"San Francisco, USA",Invoice Approver,Jackie,2021-07-05T14:40:27,7,Complete the Customer Memo
"San Francisco, USA",Invoice Approver,Jackie,2021-07-05T17:40:32,7,Approve Invoice
"San Francisco, USA",Invoice Processor,Aiden,2021-07-06T09:45:02,7,Credit Memo Creation
"San Francisco, USA",Invoice Processor,Aiden,2021-07-06T11:02:53,7,Fill Credit Memo
"San Francisco, USA",Invoice Processor,Aiden,2021-07-06T12:15:03,7,Re-issuing the invoice
"Seattle, USA",Invoice Processor,Riley,2021-07-02T12:58:04,8,Invoice Entry
"Seattle, USA",Invoice Processor,Riley,2021-07-02T14:27:38,8,Check Customer Payment
"Seattle, USA",Invoice Processor,Riley,2021-07-02T15:25:22,8,Credit Memo Entry
"Seattle, USA",Invoice Processor,Riley,2021-07-02T16:05:23,8,Refund Customer
"Seattle, USA",Invoice Processor,Riley,2021-07-02T17:47:39,8,Re-issuing the invoice
"San Diego, USA",Invoice Processor,Adrian,2021-07-02T15:01:40,9,Invoice Entry
"San Diego, USA",Invoice Processor,Adrian,2021-07-05T09:05:27,9,Check Customer Payment
"San Diego, USA",Invoice Processor,Adrian,2021-07-05T17:12:30,9,Credit Memo Entry
"San Diego, USA",Invoice Processor,Adrian,2021-07-06T09:48:20,9,Refund Customer
"San Diego, USA",Invoice Processor,Adrian,2021-07-06T17:35:53,9,Re-issuing the invoice
"San Diego, USA",Invoice Processor,Casey,2021-07-02T16:10:34,10,Invoice Entry
"San Diego, USA",Invoice Processor,Casey,2021-07-05T09:19:44,10,Confirm Payment Received
"San Diego, USA",Invoice Processor,Casey,2021-07-05T16:05:42,10,Refund With Special Voucher
"San Diego, USA",Invoice Approver,Jessie,2021-07-06T09:55:01,10,Complete the Customer Memo
"San Diego, USA",Invoice Approver,Jessie,2021-07-07T09:07:06,10,Approve Invoice
"San Diego, USA",Invoice Processor,Casey,2021-07-07T16:52:50,10,Credit Memo Creation
"San Diego, USA",Invoice Processor,Casey,2021-07-08T09:44:56,10,Fill Credit Memo
"San Diego, USA",Invoice Processor,Casey,2021-07-08T14:28:24,10,Re-issuing the invoice
"San Diego, USA",Invoice Processor,Adrian,2021-07-05T09:58:14,11,Invoice Entry
"San Diego, USA",Invoice Processor,Adrian,2021-07-05T15:00:40,11,Confirm Payment Received
"San Diego, USA",Invoice Processor,Adrian,2021-07-06T09:23:04,11,Refund With Standard Voucher
"San Diego, USA",Invoice Approver,Jessie,2021-07-06T15:26:00,11,Complete the Customer Memo
"San Diego, USA",Invoice Approver,Jessie,2021-07-07T09:14:53,11,Approve Invoice
"San Diego, USA",Invoice Processor,Adrian,2021-07-07T16:57:33,11,Credit Memo Creation
"San Diego, USA",Invoice Processor,Adrian,2021-07-08T09:41:53,11,Fill Credit Memo
"San Diego, USA",Invoice Processor,Adrian,2021-07-08T15:53:10,11,Re-issuing the invoice
"Seattle, USA",Invoice Processor,Riley,2021-07-05T16:27:38,12,Invoice Entry
"Seattle, USA",Invoice Processor,Riley,2021-07-05T17:53:14,12,Check Customer Payment
"Seattle, USA",Invoice Processor,Riley,2021-07-06T09:21:05,12,Credit Memo Entry
"Seattle, USA",Invoice Processor,Riley,2021-07-06T10:36:37,12,Refund Customer
"Seattle, USA",Invoice Processor,Riley,2021-07-06T11:58:22,12,Re-issuing the invoice
"San Diego, USA",Invoice Processor,Abbie,2021-07-05T16:50:29,13,Invoice Entry
"San Diego, USA",Invoice Processor,Abbie,2021-07-06T09:51:24,13,Confirm Payment Received
"San Diego, USA",Invoice Processor,Abbie,2021-07-06T15:54:00,13,Refund With Special Voucher
"San Diego, USA",Invoice Approver,Jessie,2021-07-07T09:57:04,13,Complete the Customer Memo
"San Diego, USA",Invoice Approver,Jessie,2021-07-08T09:07:33,13,Reject Invoice
"San Diego, USA",Invoice Processor,Abbie,2021-07-09T09:47:08,13,Refund With Special Voucher
"San Diego, USA",Invoice Approver,Jessie,2021-07-12T09:37:58,13,Complete the Customer Memo
"San Diego, USA",Invoice Approver,Jessie,2021-07-12T17:40:27,13,Approve Invoice
"San Diego, USA",Invoice Processor,Abbie,2021-07-13T09:51:50,13,Credit Memo Creation
"San Diego, USA",Invoice Processor,Abbie,2021-07-13T16:04:32,13,Fill Credit Memo
"San Diego, USA",Invoice Processor,Abbie,2021-07-14T09:29:46,13,Re-issuing the invoice
"San Diego, USA",Invoice Processor,Abbie,2021-07-05T17:00:28,14,Invoice Entry
"San Diego, USA",Invoice Processor,Abbie,2021-07-06T09:55:46,14,Confirm Payment Received
"San Diego, USA",Invoice Processor,Abbie,2021-07-06T14:22:07,14,Refund With Special Voucher
"San Diego, USA",Invoice Approver,Jessie,2021-07-07T09:39:32,14,Complete the Customer Memo
"San Diego, USA",Invoice Approver,Jessie,2021-07-07T15:16:57,14,Reject Invoice
"San Diego, USA",Invoice Processor,Abbie,2021-07-08T09:31:17,14,Refund With Standard Voucher
"San Diego, USA",Invoice Approver,Jessie,2021-07-08T15:47:44,14,Complete the Customer Memo
"San Diego, USA",Invoice Approver,Jessie,2021-07-09T09:45:36,14,Reject Invoice
"San Diego, USA",Invoice Processor,Abbie,2021-07-09T17:57:37,14,Refund With Special Voucher
"San Diego, USA",Invoice Approver,Jessie,2021-07-12T09:27:30,14,Complete the Customer Memo
"San Diego, USA",Invoice Approver,Jessie,2021-07-12T17:32:00,14,Approve Invoice
"San Diego, USA",Invoice Processor,Abbie,2021-07-13T09:51:22,14,Credit Memo Creation
"San Diego, USA",Invoice Processor,Abbie,2021-07-13T14:57:48,14,Fill Credit Memo
"San Diego, USA",Invoice Processor,Abbie,2021-07-14T09:38:35,14,Re-issuing the invoice
"San Francisco, USA",Invoice Processor,Aiden,2021-07-06T09:12:38,15,Invoice Entry
"San Francisco, USA",Invoice Processor,Aiden,2021-07-06T10:56:38,15,Confirm Payment Received
"San Francisco, USA",Invoice Processor,Aiden,2021-07-06T13:25:32,15,Refund With Standard Voucher
"San Francisco, USA",Invoice Approver,Jackie,2021-07-06T14:51:01,15,Complete the Customer Memo
"San Francisco, USA",Invoice Approver,Jackie,2021-07-07T09:56:13,15,Approve Invoice
"San Francisco, USA",Invoice Processor,Aiden,2021-07-07T15:22:30,15,Credit Memo Creation
"San Francisco, USA",Invoice Processor,Aiden,2021-07-07T16:12:02,15,Fill Credit Memo
"San Francisco, USA",Invoice Processor,Aiden,2021-07-07T17:44:55,15,Re-issuing the invoice
"Seattle, USA",Invoice Processor,Riley,2021-07-07T09:00:23,16,Invoice Entry
"Seattle, USA",Invoice Processor,Riley,2021-07-07T10:43:42,16,Confirm Payment Received
"Seattle, USA",Invoice Processor,Riley,2021-07-07T11:51:51,16,Refund With Standard Voucher
"Seattle, USA",Invoice Approver,Addison,2021-07-07T12:23:59,16,Complete the Customer Memo
"Seattle, USA",Invoice Approver,Addison,2021-07-07T14:47:10,16,Approve Invoice
"Seattle, USA",Invoice Processor,Riley,2021-07-08T09:02:53,16,Credit Memo Creation
"Seattle, USA",Invoice Processor,Riley,2021-07-08T09:24:55,16,Fill Credit Memo
"Seattle, USA",Invoice Processor,Riley,2021-07-08T10:09:44,16,Re-issuing the invoice
"San Francisco, USA",Invoice Processor,Aiden,2021-07-07T11:11:40,17,Invoice Entry
"San Francisco, USA",Invoice Processor,Aiden,2021-07-07T13:44:27,17,Confirm Payment Received
"San Francisco, USA",Invoice Processor,Aiden,2021-07-07T14:58:34,17,Refund With Standard Voucher
"San Francisco, USA",Invoice Approver,Jackie,2021-07-07T15:47:07,17,Complete the Customer Memo
"San Francisco, USA",Invoice Approver,Jackie,2021-07-08T09:08:56,17,Approve Invoice
"San Francisco, USA",Invoice Processor,Aiden,2021-07-08T14:22:53,17,Credit Memo Creation
"San Francisco, USA",Invoice Processor,Aiden,2021-07-08T15:41:25,17,Fill Credit Memo
"San Francisco, USA",Invoice Processor,Aiden,2021-07-08T17:23:52,17,Re-issuing the invoice
"San Francisco, USA",Invoice Processor,Aiden,2021-07-08T09:42:29,18,Invoice Entry
"San Francisco, USA",Invoice Processor,Aiden,2021-07-08T12:08:48,18,Check Customer Payment
"San Francisco, USA",Invoice Processor,Aiden,2021-07-08T13:36:43,18,Credit Memo Entry
"San Francisco, USA",Invoice Processor,Aiden,2021-07-08T14:43:38,18,Refund Customer
"San Francisco, USA",Invoice Processor,Aiden,2021-07-08T16:17:03,18,Re-issuing the invoice
"Seattle, USA",Invoice Processor,Riley,2021-07-08T12:33:04,19,Invoice Entry
"Seattle, USA",Invoice Processor,Riley,2021-07-08T13:47:25,19,Confirm Payment Received
"Seattle, USA",Invoice Processor,Riley,2021-07-08T15:11:18,19,Refund With Standard Voucher
"Seattle, USA",Invoice Approver,Addison,2021-07-08T16:01:17,19,Complete the Customer Memo
"Seattle, USA",Invoice Approver,Addison,2021-07-09T09:58:25,19,Approve Invoice
"Seattle, USA",Invoice Processor,Riley,2021-07-09T12:48:46,19,Credit Memo Creation
"Seattle, USA",Invoice Processor,Riley,2021-07-09T13:56:08,19,Fill Credit Memo
"Seattle, USA",Invoice Processor,Riley,2021-07-09T14:35:23,19,Re-issuing the invoice
"San Diego, USA",Invoice Processor,Casey,2021-07-08T12:43:03,20,Invoice Entry
"San Diego, USA",Invoice Processor,Casey,2021-07-09T09:47:15,20,Check Customer Payment
"San Diego, USA",Invoice Processor,Casey,2021-07-09T17:28:21,20,Credit Memo Entry
"San Diego, USA",Invoice Processor,Casey,2021-07-12T09:53:18,20,Refund Customer
"San Diego, USA",Invoice Processor,Casey,2021-07-12T15:39:11,20,Re-issuing the invoice
"Seattle, USA",Invoice Processor,Riley,2021-07-09T09:43:14,21,Invoice Entry
"Seattle, USA",Invoice Processor,Riley,2021-07-09T11:02:45,21,Check Customer Payment
"Seattle, USA",Invoice Processor,Riley,2021-07-09T12:01:53,21,Credit Memo Entry
"Seattle, USA",Invoice Processor,Riley,2021-07-09T12:57:21,21,Refund Customer
"Seattle, USA",Invoice Processor,Riley,2021-07-09T13:30:59,21,Re-issuing the invoice
"Seattle, USA",Invoice Processor,Riley,2021-07-09T10:52:57,22,Invoice Entry
"Seattle, USA",Invoice Processor,Riley,2021-07-09T12:04:49,22,Confirm Payment Received
"Seattle, USA",Invoice Processor,Riley,2021-07-09T13:31:23,22,Refund With Standard Voucher
"Seattle, USA",Invoice Approver,Addison,2021-07-09T14:13:51,22,Complete the Customer Memo
"Seattle, USA",Invoice Approver,Addison,2021-07-09T16:57:48,22,Reject Invoice
"Seattle, USA",Invoice Processor,Riley,2021-07-12T09:35:19,22,Refund With Standard Voucher
"Seattle, USA",Invoice Approver,Addison,2021-07-12T10:48:10,22,Complete the Customer Memo
"Seattle, USA",Invoice Approver,Addison,2021-07-12T14:15:37,22,Reject Invoice
"Seattle, USA",Invoice Processor,Riley,2021-07-12T16:33:35,22,Refund With Standard Voucher
"Seattle, USA",Invoice Approver,Addison,2021-07-12T17:14:13,22,Complete the Customer Memo
"Seattle, USA",Invoice Approver,Addison,2021-07-13T09:41:56,22,Approve Invoice
"Seattle, USA",Invoice Processor,Riley,2021-07-13T12:53:06,22,Credit Memo Creation
"Seattle, USA",Invoice Processor,Riley,2021-07-13T13:47:53,22,Fill Credit Memo
"Seattle, USA",Invoice Processor,Riley,2021-07-13T14:52:19,22,Re-issuing the invoice
"Seattle, USA",Invoice Processor,Riley,2021-07-09T12:19:38,23,Invoice Entry
"Seattle, USA",Invoice Processor,Riley,2021-07-09T13:18:50,23,Check Customer Payment
"Seattle, USA",Invoice Processor,Riley,2021-07-09T13:52:48,23,Credit Memo Entry
"Seattle, USA",Invoice Processor,Riley,2021-07-09T14:31:31,23,Refund Customer
"Seattle, USA",Invoice Processor,Riley,2021-07-09T15:40:21,23,Re-issuing the invoice
"Seattle, USA",Invoice Processor,Riley,2021-07-12T09:58:51,24,Invoice Entry
"Seattle, USA",Invoice Processor,Riley,2021-07-12T11:05:50,24,Check Customer Payment
"Seattle, USA",Invoice Processor,Riley,2021-07-12T12:07:32,24,Credit Memo Entry
"Seattle, USA",Invoice Processor,Riley,2021-07-12T13:42:23,24,Refund Customer
"Seattle, USA",Invoice Processor,Riley,2021-07-12T14:14:01,24,Re-issuing the invoice
"San Francisco, USA",Invoice Processor,Aiden,2021-07-12T13:35:13,25,Invoice Entry
"San Francisco, USA",Invoice Processor,Aiden,2021-07-12T15:05:44,25,Confirm Payment Received
"San Francisco, USA",Invoice Processor,Aiden,2021-07-12T16:36:42,25,Refund With Standard Voucher
"San Francisco, USA",Invoice Approver,Jackie,2021-07-12T17:48:36,25,Complete the Customer Memo
"San Francisco, USA",Invoice Approver,Jackie,2021-07-13T09:40:04,25,Reject Invoice
"San Francisco, USA",Invoice Processor,Aiden,2021-07-13T12:39:34,25,Refund With Standard Voucher
"San Francisco, USA",Invoice Approver,Jackie,2021-07-13T14:35:56,25,Complete the Customer Memo
"San Francisco, USA",Invoice Approver,Jackie,2021-07-14T09:06:09,25,Approve Invoice
"San Francisco, USA",Invoice Processor,Aiden,2021-07-14T13:08:50,25,Credit Memo Creation
"San Francisco, USA",Invoice Processor,Aiden,2021-07-14T14:22:16,25,Fill Credit Memo
"San Francisco, USA",Invoice Processor,Aiden,2021-07-14T15:17:12,25,Re-issuing the invoice
"Seattle, USA",Invoice Processor,Riley,2021-07-12T17:27:46,26,Invoice Entry
"Seattle, USA",Invoice Processor,Riley,2021-07-13T09:50:43,26,Confirm Payment Received
"Seattle, USA",Invoice Processor,Riley,2021-07-13T11:14:46,26,Refund With Standard Voucher
"Seattle, USA",Invoice Approver,Addison,2021-07-13T12:04:05,26,Complete the Customer Memo
"Seattle, USA",Invoice Approver,Addison,2021-07-13T15:17:41,26,Reject Invoice
"Seattle, USA",Invoice Processor,Riley,2021-07-14T09:26:21,26,Refund With Standard Voucher
"Seattle, USA",Invoice Approver,Addison,2021-07-14T10:27:43,26,Complete the Customer Memo
"Seattle, USA",Invoice Approver,Addison,2021-07-14T13:24:07,26,Approve Invoice
"Seattle, USA",Invoice Processor,Riley,2021-07-14T16:06:58,26,Credit Memo Creation
"Seattle, USA",Invoice Processor,Riley,2021-07-14T16:59:31,26,Fill Credit Memo
"Seattle, USA",Invoice Processor,Riley,2021-07-14T17:38:44,26,Re-issuing the invoice
"San Francisco, USA",Invoice Processor,Aiden,2021-07-13T09:32:59,27,Invoice Entry
"San Francisco, USA",Invoice Processor,Aiden,2021-07-13T11:34:53,27,Confirm Payment Received
"San Francisco, USA",Invoice Processor,Aiden,2021-07-13T12:49:44,27,Refund With Standard Voucher
"San Francisco, USA",Invoice Approver,Jackie,2021-07-13T13:45:11,27,Complete the Customer Memo
"San Francisco, USA",Invoice Approver,Jackie,2021-07-13T16:50:40,27,Approve Invoice
"San Francisco, USA",Invoice Processor,Aiden,2021-07-14T09:31:18,27,Credit Memo Creation
"San Francisco, USA",Invoice Processor,Aiden,2021-07-14T10:55:53,27,Fill Credit Memo
"San Francisco, USA",Invoice Processor,Aiden,2021-07-14T12:43:11,27,Re-issuing the invoice
"Seattle, USA",Invoice Processor,Riley,2021-07-13T09:42:59,28,Invoice Entry
"Seattle, USA",Invoice Processor,Riley,2021-07-13T10:46:02,28,Check Customer Payment
"Seattle, USA",Invoice Processor,Riley,2021-07-13T11:35:55,28,Credit Memo Entry
"Seattle, USA",Invoice Processor,Riley,2021-07-13T12:09:34,28,Refund Customer
"Seattle, USA",Invoice Processor,Riley,2021-07-13T13:35:51,28,Re-issuing the invoice
"San Francisco, USA",Invoice Processor,Aiden,2021-07-13T14:21:03,29,Invoice Entry
"San Francisco, USA",Invoice Processor,Aiden,2021-07-13T16:12:22,29,Confirm Payment Received
"San Francisco, USA",Invoice Processor,Aiden,2021-07-13T17:53:48,29,Refund With Standard Voucher
"San Francisco, USA",Invoice Approver,Jackie,2021-07-14T09:48:41,29,Complete the Customer Memo
"San Francisco, USA",Invoice Approver,Jackie,2021-07-14T15:23:13,29,Reject Invoice
"San Francisco, USA",Invoice Processor,Aiden,2021-07-15T09:20:29,29,Refund With Standard Voucher
"San Francisco, USA",Invoice Approver,Jackie,2021-07-15T10:36:41,29,Complete the Customer Memo
"San Francisco, USA",Invoice Approver,Jackie,2021-07-15T14:09:00,29,Reject Invoice
"San Francisco, USA",Invoice Processor,Aiden,2021-07-16T09:26:07,29,Refund With Standard Voucher
"San Francisco, USA",Invoice Approver,Jackie,2021-07-16T10:58:58,29,Complete the Customer Memo
"San Francisco, USA",Invoice Approver,Jackie,2021-07-16T14:50:33,29,Approve Invoice
"San Francisco, USA",Invoice Processor,Aiden,2021-07-16T17:44:16,29,Credit Memo Creation
"San Francisco, USA",Invoice Processor,Aiden,2021-07-19T09:19:07,29,Fill Credit Memo
"San Francisco, USA",Invoice Processor,Aiden,2021-07-19T10:32:12,29,Re-issuing the invoice
"San Francisco, USA",Invoice Processor,Aiden,2021-07-13T14:31:02,30,Invoice Entry
"San Francisco, USA",Invoice Processor,Aiden,2021-07-13T16:17:33,30,Check Customer Payment
"San Francisco, USA",Invoice Processor,Aiden,2021-07-14T09:30:15,30,Credit Memo Entry
"San Francisco, USA",Invoice Processor,Aiden,2021-07-14T10:57:38,30,Refund Customer
"San Francisco, USA",Invoice Processor,Aiden,2021-07-14T12:58:04,30,Re-issuing the invoice
"San Francisco, USA",Invoice Processor,Aiden,2021-07-13T16:27:18,31,Invoice Entry
"San Francisco, USA",Invoice Processor,Aiden,2021-07-14T09:31:06,31,Confirm Payment Received
"San Francisco, USA",Invoice Processor,Aiden,2021-07-14T11:00:55,31,Refund With Standard Voucher
"San Francisco, USA",Invoice Approver,Jackie,2021-07-14T12:55:07,31,Complete the Customer Memo
"San Francisco, USA",Invoice Approver,Jackie,2021-07-14T15:30:21,31,Approve Invoice
"San Francisco, USA",Invoice Processor,Aiden,2021-07-15T09:48:49,31,Credit Memo Creation
"San Francisco, USA",Invoice Processor,Aiden,2021-07-15T11:33:41,31,Fill Credit Memo
"San Francisco, USA",Invoice Processor,Aiden,2021-07-15T12:40:22,31,Re-issuing the invoice
"Seattle, USA",Invoice Processor,Riley,2021-07-14T09:49:36,32,Invoice Entry
"Seattle, USA",Invoice Processor,Riley,2021-07-14T11:14:50,32,Check Customer Payment
"Seattle, USA",Invoice Processor,Riley,2021-07-14T12:40:58,32,Credit Memo Entry
"Seattle, USA",Invoice Processor,Riley,2021-07-14T13:30:45,32,Refund Customer
"Seattle, USA",Invoice Processor,Riley,2021-07-14T14:33:48,32,Re-issuing the invoice
"San Francisco, USA",Invoice Processor,Aiden,2021-07-14T14:00:02,33,Invoice Entry
"San Francisco, USA",Invoice Processor,Aiden,2021-07-14T15:35:56,33,Check Customer Payment
"San Francisco, USA",Invoice Processor,Aiden,2021-07-14T17:40:40,33,Credit Memo Entry
"San Francisco, USA",Invoice Processor,Aiden,2021-07-15T09:46:53,33,Refund Customer
"San Francisco, USA",Invoice Processor,Aiden,2021-07-15T10:49:47,33,Re-issuing the invoice
"Seattle, USA",Invoice Processor,Riley,2021-07-15T09:25:03,34,Invoice Entry
"Seattle, USA",Invoice Processor,Riley,2021-07-15T10:25:50,34,Check Customer Payment
"Seattle, USA",Invoice Processor,Riley,2021-07-15T11:25:06,34,Credit Memo Entry
"Seattle, USA",Invoice Processor,Riley,2021-07-15T12:25:14,34,Refund Customer
"Seattle, USA",Invoice Processor,Riley,2021-07-15T13:46:24,34,Re-issuing the invoice
"Seattle, USA",Invoice Processor,Riley,2021-07-15T12:37:59,35,Invoice Entry
"Seattle, USA",Invoice Processor,Riley,2021-07-15T14:13:09,35,Confirm Payment Received
"Seattle, USA",Invoice Processor,Riley,2021-07-15T15:12:51,35,Refund With Standard Voucher
"Seattle, USA",Invoice Approver,Addison,2021-07-15T15:41:18,35,Complete the Customer Memo
"Seattle, USA",Invoice Approver,Addison,2021-07-16T09:35:41,35,Approve Invoice
"Seattle, USA",Invoice Processor,Riley,2021-07-16T12:45:32,35,Credit Memo Creation
"Seattle, USA",Invoice Processor,Riley,2021-07-16T13:32:22,35,Fill Credit Memo
"Seattle, USA",Invoice Processor,Riley,2021-07-16T13:59:31,35,Re-issuing the invoice
"San Diego, USA",Invoice Processor,Adrian,2021-07-16T09:20:55,36,Invoice Entry
"San Diego, USA",Invoice Processor,Adrian,2021-07-16T16:39:28,36,Check Customer Payment
"San Diego, USA",Invoice Processor,Adrian,2021-07-19T09:52:22,36,Credit Memo Entry
"San Diego, USA",Invoice Processor,Adrian,2021-07-19T17:35:41,36,Refund Customer
"San Diego, USA",Invoice Processor,Adrian,2021-07-20T09:30:52,36,Re-issuing the invoice
"San Diego, USA",Invoice Processor,Casey,2021-07-19T09:07:35,37,Invoice Entry
"San Diego, USA",Invoice Processor,Casey,2021-07-19T17:19:08,37,Check Customer Payment
"San Diego, USA",Invoice Processor,Casey,2021-07-20T09:11:21,37,Credit Memo Entry
"San Diego, USA",Invoice Processor,Casey,2021-07-20T14:48:21,37,Refund Customer
"San Diego, USA",Invoice Processor,Casey,2021-07-21T09:43:43,37,Re-issuing the invoice
"San Francisco, USA",Invoice Processor,Aiden,2021-07-19T09:17:35,38,Invoice Entry
"San Francisco, USA",Invoice Processor,Aiden,2021-07-19T11:17:34,38,Confirm Payment Received
"San Francisco, USA",Invoice Processor,Aiden,2021-07-19T13:15:17,38,Refund With Standard Voucher
"San Francisco, USA",Invoice Approver,Jackie,2021-07-19T14:50:23,38,Complete the Customer Memo
"San Francisco, USA",Invoice Approver,Jackie,2021-07-19T17:47:55,38,Reject Invoice
"San Francisco, USA",Invoice Processor,Aiden,2021-07-20T09:08:25,38,Refund With Standard Voucher
"San Francisco, USA",Invoice Approver,Jackie,2021-07-20T09:43:04,38,Complete the Customer Memo
"San Francisco, USA",Invoice Approver,Jackie,2021-07-20T12:20:42,38,Approve Invoice
"San Francisco, USA",Invoice Processor,Aiden,2021-07-20T16:16:33,38,Credit Memo Creation
"San Francisco, USA",Invoice Processor,Aiden,2021-07-21T09:06:43,38,Fill Credit Memo
"San Francisco, USA",Invoice Processor,Aiden,2021-07-21T10:48:16,38,Re-issuing the invoice
"Seattle, USA",Invoice Processor,Riley,2021-07-19T10:40:59,39,Invoice Entry
"Seattle, USA",Invoice Processor,Riley,2021-07-19T12:02:58,39,Check Customer Payment
"Seattle, USA",Invoice Processor,Riley,2021-07-19T13:22:52,39,Credit Memo Entry
"Seattle, USA",Invoice Processor,Riley,2021-07-19T14:40:22,39,Refund Customer
"Seattle, USA",Invoice Processor,Riley,2021-07-19T16:58:17,39,Re-issuing the invoice
"San Francisco, USA",Invoice Processor,Aiden,2021-07-19T15:03:08,40,Invoice Entry
"San Francisco, USA",Invoice Processor,Aiden,2021-07-19T17:04:59,40,Check Customer Payment
"San Francisco, USA",Invoice Processor,Aiden,2021-07-20T09:43:58,40,Credit Memo Entry
"San Francisco, USA",Invoice Processor,Aiden,2021-07-20T11:11:33,40,Refund Customer
"San Francisco, USA",Invoice Processor,Aiden,2021-07-20T12:45:24,40,Re-issuing the invoice
"Seattle, USA",Invoice Processor,Riley,2021-07-20T09:42:18,41,Invoice Entry
"Seattle, USA",Invoice Processor,Riley,2021-07-20T11:16:18,41,Check Customer Payment
"Seattle, USA",Invoice Processor,Riley,2021-07-20T12:33:40,41,Credit Memo Entry
"Seattle, USA",Invoice Processor,Riley,2021-07-20T14:01:05,41,Refund Customer
"Seattle, USA",Invoice Processor,Riley,2021-07-20T15:26:12,41,Re-issuing the invoice
"San Diego, USA",Invoice Processor,Abbie,2021-07-20T15:52:25,42,Invoice Entry
"San Diego, USA",Invoice Processor,Abbie,2021-07-21T09:19:17,42,Check Customer Payment
"San Diego, USA",Invoice Processor,Abbie,2021-07-21T14:51:49,42,Credit Memo Entry
"San Diego, USA",Invoice Processor,Abbie,2021-07-22T09:09:41,42,Refund Customer
"San Diego, USA",Invoice Processor,Abbie,2021-07-22T16:04:07,42,Re-issuing the invoice
"San Francisco, USA",Invoice Processor,Aiden,2021-07-21T09:01:38,43,Invoice Entry
"San Francisco, USA",Invoice Processor,Aiden,2021-07-21T10:46:51,43,Confirm Payment Received
"San Francisco, USA",Invoice Processor,Aiden,2021-07-21T12:37:11,43,Refund With Standard Voucher
"San Francisco, USA",Invoice Approver,Jackie,2021-07-21T13:58:12,43,Complete the Customer Memo
"San Francisco, USA",Invoice Approver,Jackie,2021-07-21T16:48:46,43,Approve Invoice
"San Francisco, USA",Invoice Processor,Aiden,2021-07-22T09:25:28,43,Credit Memo Creation
"San Francisco, USA",Invoice Processor,Aiden,2021-07-22T10:52:43,43,Fill Credit Memo
"San Francisco, USA",Invoice Processor,Aiden,2021-07-22T12:04:49,43,Re-issuing the invoice
"San Diego, USA",Invoice Processor,Adrian,2021-07-21T12:11:43,44,Invoice Entry
"San Diego, USA",Invoice Processor,Adrian,2021-07-21T17:55:17,44,Confirm Payment Received
"San Diego, USA",Invoice Processor,Adrian,2021-07-22T09:50:33,44,Refund With Standard Voucher
"San Diego, USA",Invoice Approver,Jessie,2021-07-22T17:41:37,44,Complete the Customer Memo
"San Diego, USA",Invoice Approver,Jessie,2021-07-23T09:04:56,44,Reject Invoice
"San Diego, USA",Invoice Processor,Adrian,2021-07-26T09:22:34,44,Refund With Standard Voucher
"San Diego, USA",Invoice Approver,Jessie,2021-07-26T16:21:26,44,Complete the Customer Memo
"San Diego, USA",Invoice Approver,Jessie,2021-07-27T09:42:02,44,Approve Invoice
"San Diego, USA",Invoice Processor,Adrian,2021-07-28T09:13:36,44,Credit Memo Creation
"San Diego, USA",Invoice Processor,Adrian,2021-07-28T13:38:28,44,Fill Credit Memo
"San Diego, USA",Invoice Processor,Adrian,2021-07-29T09:11:35,44,Re-issuing the invoice
"San Diego, USA",Invoice Processor,Adrian,2021-07-21T16:05:59,45,Invoice Entry
"San Diego, USA",Invoice Processor,Adrian,2021-07-22T09:29:23,45,Confirm Payment Received
"San Diego, USA",Invoice Processor,Adrian,2021-07-23T09:00:16,45,Refund With Standard Voucher
"San Diego, USA",Invoice Approver,Jessie,2021-07-23T15:49:29,45,Complete the Customer Memo
"San Diego, USA",Invoice Approver,Jessie,2021-07-26T09:18:21,45,Approve Invoice
"San Diego, USA",Invoice Processor,Adrian,2021-07-27T09:44:46,45,Credit Memo Creation
"San Diego, USA",Invoice Processor,Adrian,2021-07-27T16:00:34,45,Fill Credit Memo
"San Diego, USA",Invoice Processor,Adrian,2021-07-28T09:23:45,45,Re-issuing the invoice
"Seattle, USA",Invoice Processor,Riley,2021-07-22T09:51:33,46,Invoice Entry
"Seattle, USA",Invoice Processor,Riley,2021-07-22T11:27:13,46,Confirm Payment Received
"Seattle, USA",Invoice Processor,Riley,2021-07-22T12:39:33,46,Refund With Standard Voucher
"Seattle, USA",Invoice Approver,Addison,2021-07-22T13:17:27,46,Complete the Customer Memo
"Seattle, USA",Invoice Approver,Addison,2021-07-22T15:56:15,46,Reject Invoice
"Seattle, USA",Invoice Processor,Riley,2021-07-22T17:25:47,46,Refund With Standard Voucher
"Seattle, USA",Invoice Approver,Addison,2021-07-23T09:10:26,46,Complete the Customer Memo
"Seattle, USA",Invoice Approver,Addison,2021-07-23T12:13:36,46,Reject Invoice
"Seattle, USA",Invoice Processor,Riley,2021-07-23T14:36:19,46,Refund With Standard Voucher
"Seattle, USA",Invoice Approver,Addison,2021-07-23T15:22:24,46,Complete the Customer Memo
"Seattle, USA",Invoice Approver,Addison,2021-07-26T09:01:50,46,Approve Invoice
"Seattle, USA",Invoice Processor,Riley,2021-07-26T12:13:46,46,Credit Memo Creation
"Seattle, USA",Invoice Processor,Riley,2021-07-26T12:50:17,46,Fill Credit Memo
"Seattle, USA",Invoice Processor,Riley,2021-07-26T13:39:32,46,Re-issuing the invoice
"Seattle, USA",Invoice Processor,Riley,2021-07-22T14:55:05,47,Invoice Entry
"Seattle, USA",Invoice Processor,Riley,2021-07-22T15:57:14,47,Confirm Payment Received
"Seattle, USA",Invoice Processor,Riley,2021-07-22T17:19:59,47,Refund With Standard Voucher
"Seattle, USA",Invoice Approver,Addison,2021-07-22T17:58:47,47,Complete the Customer Memo
"Seattle, USA",Invoice Approver,Addison,2021-07-23T09:03:58,47,Approve Invoice
"Seattle, USA",Invoice Processor,Riley,2021-07-23T12:41:30,47,Credit Memo Creation
"Seattle, USA",Invoice Processor,Riley,2021-07-23T13:52:20,47,Fill Credit Memo
"Seattle, USA",Invoice Processor,Riley,2021-07-23T14:44:43,47,Re-issuing the invoice
"Seattle, USA",Invoice Processor,Riley,2021-07-22T17:34:54,48,Invoice Entry
"Seattle, USA",Invoice Processor,Riley,2021-07-23T09:59:55,48,Confirm Payment Received
"Seattle, USA",Invoice Processor,Riley,2021-07-23T11:04:03,48,Refund With Standard Voucher
"Seattle, USA",Invoice Approver,Addison,2021-07-23T11:55:11,48,Complete the Customer Memo
"Seattle, USA",Invoice Approver,Addison,2021-07-23T15:04:39,48,Approve Invoice
"Seattle, USA",Invoice Processor,Riley,2021-07-26T09:13:05,48,Credit Memo Creation
"Seattle, USA",Invoice Processor,Riley,2021-07-26T10:13:10,48,Fill Credit Memo
"Seattle, USA",Invoice Processor,Riley,2021-07-26T11:09:14,48,Re-issuing the invoice
"Seattle, USA",Invoice Processor,Riley,2021-07-22T17:44:54,49,Invoice Entry
"Seattle, USA",Invoice Processor,Riley,2021-07-23T09:09:15,49,Check Customer Payment
"Seattle, USA",Invoice Processor,Riley,2021-07-23T10:04:36,49,Credit Memo Entry
"Seattle, USA",Invoice Processor,Riley,2021-07-23T11:19:58,49,Refund Customer
"Seattle, USA",Invoice Processor,Riley,2021-07-23T13:06:07,49,Re-issuing the invoice
"Seattle, USA",Invoice Processor,Riley,2021-07-23T09:36:22,50,Invoice Entry
"Seattle, USA",Invoice Processor,Riley,2021-07-23T10:41:20,50,Check Customer Payment
"Seattle, USA",Invoice Processor,Riley,2021-07-23T11:31:54,50,Credit Memo Entry
"Seattle, USA",Invoice Processor,Riley,2021-07-23T12:04:20,50,Refund Customer
"Seattle, USA",Invoice Processor,Riley,2021-07-23T13:26:11,50,Re-issuing the invoice
"Seattle, USA",Invoice Processor,Riley,2021-07-23T09:46:21,51,Invoice Entry
"Seattle, USA",Invoice Processor,Riley,2021-07-23T11:06:54,51,Check Customer Payment
"Seattle, USA",Invoice Processor,Riley,2021-07-23T11:55:32,51,Credit Memo Entry
"Seattle, USA",Invoice Processor,Riley,2021-07-23T12:24:06,51,Refund Customer
"Seattle, USA",Invoice Processor,Riley,2021-07-23T14:00:56,51,Re-issuing the invoice
"Seattle, USA",Invoice Processor,Riley,2021-07-23T09:56:22,52,Invoice Entry
"Seattle, USA",Invoice Processor,Riley,2021-07-23T11:40:56,52,Check Customer Payment
"Seattle, USA",Invoice Processor,Riley,2021-07-23T12:24:15,52,Credit Memo Entry
"Seattle, USA",Invoice Processor,Riley,2021-07-23T13:31:43,52,Refund Customer
"Seattle, USA",Invoice Processor,Riley,2021-07-23T14:08:28,52,Re-issuing the invoice
"San Francisco, USA",Invoice Processor,Aiden,2021-07-23T16:58:17,53,Invoice Entry
"San Francisco, USA",Invoice Processor,Aiden,2021-07-26T09:28:41,53,Confirm Payment Received
"San Francisco, USA",Invoice Processor,Aiden,2021-07-26T12:13:37,53,Refund With Standard Voucher
"San Francisco, USA",Invoice Approver,Jackie,2021-07-26T14:02:18,53,Complete the Customer Memo
"San Francisco, USA",Invoice Approver,Jackie,2021-07-27T09:23:07,53,Reject Invoice
"San Francisco, USA",Invoice Processor,Aiden,2021-07-27T13:49:41,53,Refund With Standard Voucher
"San Francisco, USA",Invoice Approver,Jackie,2021-07-27T15:20:57,53,Complete the Customer Memo
"San Francisco, USA",Invoice Approver,Jackie,2021-07-27T17:33:41,53,Reject Invoice
"San Francisco, USA",Invoice Processor,Aiden,2021-07-28T09:51:31,53,Refund With Standard Voucher
"San Francisco, USA",Invoice Approver,Jackie,2021-07-28T11:07:26,53,Complete the Customer Memo
"San Francisco, USA",Invoice Approver,Jackie,2021-07-28T13:47:30,53,Approve Invoice
"San Francisco, USA",Invoice Processor,Aiden,2021-07-28T17:37:11,53,Credit Memo Creation
"San Francisco, USA",Invoice Processor,Aiden,2021-07-29T09:17:44,53,Fill Credit Memo
"San Francisco, USA",Invoice Processor,Aiden,2021-07-29T10:46:26,53,Re-issuing the invoice
"San Diego, USA",Invoice Processor,Abbie,2021-07-26T09:38:29,54,Invoice Entry
"San Diego, USA",Invoice Processor,Abbie,2021-07-26T15:38:31,54,Check Customer Payment
"San Diego, USA",Invoice Processor,Abbie,2021-07-27T09:04:29,54,Credit Memo Entry
"San Diego, USA",Invoice Processor,Abbie,2021-07-27T13:31:35,54,Refund Customer
"San Diego, USA",Invoice Processor,Abbie,2021-07-28T09:44:46,54,Re-issuing the invoice
"San Diego, USA",Invoice Processor,Adrian,2021-07-27T09:19:07,55,Invoice Entry
"San Diego, USA",Invoice Processor,Adrian,2021-07-27T15:15:14,55,Confirm Payment Received
"San Diego, USA",Invoice Processor,Adrian,2021-07-28T09:07:58,55,Refund With Standard Voucher
"San Diego, USA",Invoice Approver,Jessie,2021-07-29T09:58:36,55,Complete the Customer Memo
"San Diego, USA",Invoice Approver,Jessie,2021-07-30T09:46:04,55,Approve Invoice
"San Diego, USA",Invoice Processor,Adrian,2021-08-02T09:56:23,55,Credit Memo Creation
"San Diego, USA",Invoice Processor,Adrian,2021-08-02T14:41:09,55,Fill Credit Memo
"San Diego, USA",Invoice Processor,Adrian,2021-08-03T09:13:22,55,Re-issuing the invoice
"Seattle, USA",Invoice Processor,Riley,2021-07-27T14:09:20,56,Invoice Entry
"Seattle, USA",Invoice Processor,Riley,2021-07-27T15:32:55,56,Check Customer Payment
"Seattle, USA",Invoice Processor,Riley,2021-07-27T16:27:56,56,Credit Memo Entry
"Seattle, USA",Invoice Processor,Riley,2021-07-27T16:52:25,56,Refund Customer
"Seattle, USA",Invoice Processor,Riley,2021-07-28T09:06:50,56,Re-issuing the invoice
"Seattle, USA",Invoice Processor,Riley,2021-07-27T14:19:20,57,Invoice Entry
"Seattle, USA",Invoice Processor,Riley,2021-07-27T15:48:06,57,Confirm Payment Received
"Seattle, USA",Invoice Processor,Riley,2021-07-27T17:17:54,57,Refund With Standard Voucher
"Seattle, USA",Invoice Approver,Addison,2021-07-27T17:44:23,57,Complete the Customer Memo
"Seattle, USA",Invoice Approver,Addison,2021-07-28T09:17:12,57,Approve Invoice
"Seattle, USA",Invoice Processor,Riley,2021-07-28T12:46:38,57,Credit Memo Creation
"Seattle, USA",Invoice Processor,Riley,2021-07-28T13:42:13,57,Fill Credit Memo
"Seattle, USA",Invoice Processor,Riley,2021-07-28T14:31:02,57,Re-issuing the invoice
"Seattle, USA",Invoice Processor,Riley,2021-07-27T15:41:01,58,Invoice Entry
"Seattle, USA",Invoice Processor,Riley,2021-07-27T17:03:07,58,Check Customer Payment
"Seattle, USA",Invoice Processor,Riley,2021-07-28T09:06:12,58,Credit Memo Entry
"Seattle, USA",Invoice Processor,Riley,2021-07-28T10:47:00,58,Refund Customer
"Seattle, USA",Invoice Processor,Riley,2021-07-28T12:18:41,58,Re-issuing the invoice
"Seattle, USA",Invoice Processor,Riley,2021-07-27T15:51:01,59,Invoice Entry
"Seattle, USA",Invoice Processor,Riley,2021-07-27T17:12:50,59,Check Customer Payment
"Seattle, USA",Invoice Processor,Riley,2021-07-27T17:54:13,59,Credit Memo Entry
"Seattle, USA",Invoice Processor,Riley,2021-07-28T09:49:21,59,Refund Customer
"Seattle, USA",Invoice Processor,Riley,2021-07-28T10:57:40,59,Re-issuing the invoice
"San Diego, USA",Invoice Processor,Adrian,2021-07-27T16:01:01,60,Invoice Entry
"San Diego, USA",Invoice Processor,Adrian,2021-07-28T09:48:37,60,Confirm Payment Received
"San Diego, USA",Invoice Processor,Adrian,2021-07-28T14:59:41,60,Refund With Special Voucher
"San Diego, USA",Invoice Approver,Jessie,2021-07-29T09:37:57,60,Complete the Customer Memo
"San Diego, USA",Invoice Approver,Jessie,2021-07-30T09:20:04,60,Reject Invoice
"San Diego, USA",Invoice Processor,Adrian,2021-07-30T16:15:57,60,Refund With Standard Voucher
"San Diego, USA",Invoice Approver,Jessie,2021-08-02T09:37:55,60,Complete the Customer Memo
"San Diego, USA",Invoice Approver,Jessie,2021-08-02T15:47:59,60,Approve Invoice
"San Diego, USA",Invoice Processor,Adrian,2021-08-03T09:12:33,60,Credit Memo Creation
"San Diego, USA",Invoice Processor,Adrian,2021-08-03T13:42:45,60,Fill Credit Memo
"San Diego, USA",Invoice Processor,Adrian,2021-08-04T09:13:22,60,Re-issuing the invoice
"San Diego, USA",Invoice Processor,Adrian,2021-07-28T09:37:52,61,Invoice Entry
"San Diego, USA",Invoice Processor,Adrian,2021-07-28T15:21:03,61,Confirm Payment Received
"San Diego, USA",Invoice Processor,Adrian,2021-07-29T09:34:43,61,Refund With Special Voucher
"San Diego, USA",Invoice Approver,Jessie,2021-07-30T09:32:37,61,Complete the Customer Memo
"San Diego, USA",Invoice Approver,Jessie,2021-08-02T09:46:43,61,Approve Invoice
"San Diego, USA",Invoice Processor,Adrian,2021-08-03T09:44:21,61,Credit Memo Creation
"San Diego, USA",Invoice Processor,Adrian,2021-08-03T14:51:17,61,Fill Credit Memo
"San Diego, USA",Invoice Processor,Adrian,2021-08-04T09:29:34,61,Re-issuing the invoice
"San Francisco, USA",Invoice Processor,Aiden,2021-07-28T10:02:57,62,Invoice Entry
"San Francisco, USA",Invoice Processor,Aiden,2021-07-28T11:27:02,62,Check Customer Payment
"San Francisco, USA",Invoice Processor,Aiden,2021-07-28T13:09:34,62,Credit Memo Entry
"San Francisco, USA",Invoice Processor,Aiden,2021-07-28T14:25:27,62,Refund Customer
"San Francisco, USA",Invoice Processor,Aiden,2021-07-28T16:26:38,62,Re-issuing the invoice
"Seattle, USA",Invoice Processor,Riley,2021-07-28T10:12:57,63,Invoice Entry
"Seattle, USA",Invoice Processor,Riley,2021-07-28T11:45:37,63,Check Customer Payment
"Seattle, USA",Invoice Processor,Riley,2021-07-28T12:45:25,63,Credit Memo Entry
"Seattle, USA",Invoice Processor,Riley,2021-07-28T13:36:56,63,Refund Customer
"Seattle, USA",Invoice Processor,Riley,2021-07-28T14:30:55,63,Re-issuing the invoice
"Seattle, USA",Invoice Processor,Riley,2021-07-29T09:20:02,64,Invoice Entry
"Seattle, USA",Invoice Processor,Riley,2021-07-29T10:33:46,64,Check Customer Payment
"Seattle, USA",Invoice Processor,Riley,2021-07-29T11:16:32,64,Credit Memo Entry
"Seattle, USA",Invoice Processor,Riley,2021-07-29T12:09:46,64,Refund Customer
"Seattle, USA",Invoice Processor,Riley,2021-07-29T13:18:19,64,Re-issuing the invoice
"San Diego, USA",Invoice Processor,Adrian,2021-07-29T09:30:01,65,Invoice Entry
"San Diego, USA",Invoice Processor,Adrian,2021-07-29T16:22:06,65,Check Customer Payment
"San Diego, USA",Invoice Processor,Adrian,2021-07-30T09:45:09,65,Credit Memo Entry
"San Diego, USA",Invoice Processor,Adrian,2021-07-30T15:36:37,65,Refund Customer
"San Diego, USA",Invoice Processor,Adrian,2021-08-02T09:06:52,65,Re-issuing the invoice
"Seattle, USA",Invoice Processor,Riley,2021-07-29T14:05:09,66,Invoice Entry
"Seattle, USA",Invoice Processor,Riley,2021-07-29T15:49:21,66,Confirm Payment Received
"Seattle, USA",Invoice Processor,Riley,2021-07-29T17:31:12,66,Refund With Standard Voucher
"Seattle, USA",Invoice Approver,Addison,2021-07-30T09:27:44,66,Complete the Customer Memo
"Seattle, USA",Invoice Approver,Addison,2021-07-30T11:51:48,66,Reject Invoice
"Seattle, USA",Invoice Processor,Riley,2021-07-30T14:23:27,66,Refund With Standard Voucher
"Seattle, USA",Invoice Approver,Addison,2021-07-30T15:08:21,66,Complete the Customer Memo
"Seattle, USA",Invoice Approver,Addison,2021-08-02T09:43:02,66,Approve Invoice
"Seattle, USA",Invoice Processor,Riley,2021-08-02T12:36:20,66,Credit Memo Creation
"Seattle, USA",Invoice Processor,Riley,2021-08-02T13:13:38,66,Fill Credit Memo
"Seattle, USA",Invoice Processor,Riley,2021-08-02T14:05:08,66,Re-issuing the invoice
"Seattle, USA",Invoice Processor,Riley,2021-07-29T15:32:54,67,Invoice Entry
"Seattle, USA",Invoice Processor,Riley,2021-07-29T16:19:47,67,Check Customer Payment
"Seattle, USA",Invoice Processor,Riley,2021-07-29T17:19:26,67,Credit Memo Entry
"Seattle, USA",Invoice Processor,Riley,2021-07-30T09:33:34,67,Refund Customer
"Seattle, USA",Invoice Processor,Riley,2021-07-30T10:21:35,67,Re-issuing the invoice
"Seattle, USA",Invoice Processor,Riley,2021-07-30T09:41:32,68,Invoice Entry
"Seattle, USA",Invoice Processor,Riley,2021-07-30T10:38:57,68,Check Customer Payment
"Seattle, USA",Invoice Processor,Riley,2021-07-30T11:23:29,68,Credit Memo Entry
"Seattle, USA",Invoice Processor,Riley,2021-07-30T11:49:38,68,Refund Customer
"Seattle, USA",Invoice Processor,Riley,2021-07-30T12:52:22,68,Re-issuing the invoice
"San Diego, USA",Invoice Processor,Adrian,2021-07-30T14:02:08,69,Invoice Entry
"San Diego, USA",Invoice Processor,Adrian,2021-08-02T09:48:14,69,Confirm Payment Received
"San Diego, USA",Invoice Processor,Adrian,2021-08-03T09:13:06,69,Refund With Special Voucher
"San Diego, USA",Invoice Approver,Jessie,2021-08-04T09:23:07,69,Complete the Customer Memo
"San Diego, USA",Invoice Approver,Jessie,2021-08-05T09:54:58,69,Approve Invoice
"San Diego, USA",Invoice Processor,Adrian,2021-08-06T09:38:43,69,Credit Memo Creation
"San Diego, USA",Invoice Processor,Adrian,2021-08-06T16:56:25,69,Fill Credit Memo
"San Diego, USA",Invoice Processor,Adrian,2021-08-09T09:02:27,69,Re-issuing the invoice
"Seattle, USA",Invoice Processor,Riley,2021-07-30T15:23:21,70,Invoice Entry
"Seattle, USA",Invoice Processor,Riley,2021-07-30T17:10:30,70,Check Customer Payment
"Seattle, USA",Invoice Processor,Riley,2021-08-02T09:14:41,70,Credit Memo Entry
"Seattle, USA",Invoice Processor,Riley,2021-08-02T10:13:38,70,Refund Customer
"Seattle, USA",Invoice Processor,Riley,2021-08-02T10:40:53,70,Re-issuing the invoice
"Seattle, USA",Invoice Processor,Riley,2021-07-30T15:33:20,71,Invoice Entry
"Seattle, USA",Invoice Processor,Riley,2021-07-30T16:58:59,71,Check Customer Payment
"Seattle, USA",Invoice Processor,Riley,2021-07-30T17:49:41,71,Credit Memo Entry
"Seattle, USA",Invoice Processor,Riley,2021-08-02T09:27:56,71,Refund Customer
"Seattle, USA",Invoice Processor,Riley,2021-08-02T10:16:18,71,Re-issuing the invoice
"San Francisco, USA",Invoice Processor,Aiden,2021-08-02T09:38:09,72,Invoice Entry
"San Francisco, USA",Invoice Processor,Aiden,2021-08-02T11:26:17,72,Confirm Payment Received
"San Francisco, USA",Invoice Processor,Aiden,2021-08-02T13:17:49,72,Refund With Standard Voucher
"San Francisco, USA",Invoice Approver,Jackie,2021-08-02T15:23:20,72,Complete the Customer Memo
"San Francisco, USA",Invoice Approver,Jackie,2021-08-03T09:37:19,72,Approve Invoice
"San Francisco, USA",Invoice Processor,Aiden,2021-08-03T14:11:59,72,Credit Memo Creation
"San Francisco, USA",Invoice Processor,Aiden,2021-08-03T15:59:05,72,Fill Credit Memo
"San Francisco, USA",Invoice Processor,Aiden,2021-08-03T16:52:02,72,Re-issuing the invoice
"Seattle, USA",Invoice Processor,Riley,2021-08-02T09:48:09,73,Invoice Entry
"Seattle, USA",Invoice Processor,Riley,2021-08-02T11:00:01,73,Confirm Payment Received
"Seattle, USA",Invoice Processor,Riley,2021-08-02T11:57:50,73,Refund With Standard Voucher
"Seattle, USA",Invoice Approver,Addison,2021-08-02T13:01:28,73,Complete the Customer Memo
"Seattle, USA",Invoice Approver,Addison,2021-08-02T15:06:06,73,Reject Invoice
"Seattle, USA",Invoice Processor,Riley,2021-08-02T17:42:54,73,Refund With Standard Voucher
"Seattle, USA",Invoice Approver,Addison,2021-08-03T09:38:17,73,Complete the Customer Memo
"Seattle, USA",Invoice Approver,Addison,2021-08-03T12:33:08,73,Approve Invoice
"Seattle, USA",Invoice Processor,Riley,2021-08-03T15:44:38,73,Credit Memo Creation
"Seattle, USA",Invoice Processor,Riley,2021-08-03T16:42:02,73,Fill Credit Memo
"Seattle, USA",Invoice Processor,Riley,2021-08-03T17:09:06,73,Re-issuing the invoice
"Seattle, USA",Invoice Processor,Riley,2021-08-02T15:19:23,74,Invoice Entry
"Seattle, USA",Invoice Processor,Riley,2021-08-02T16:38:31,74,Check Customer Payment
"Seattle, USA",Invoice Processor,Riley,2021-08-02T17:41:06,74,Credit Memo Entry
"Seattle, USA",Invoice Processor,Riley,2021-08-03T09:36:57,74,Refund Customer
"Seattle, USA",Invoice Processor,Riley,2021-08-03T11:18:32,74,Re-issuing the invoice
"San Francisco, USA",Invoice Processor,Aiden,2021-08-03T09:12:15,75,Invoice Entry
"San Francisco, USA",Invoice Processor,Aiden,2021-08-03T11:03:00,75,Confirm Payment Received
"San Francisco, USA",Invoice Processor,Aiden,2021-08-03T13:38:59,75,Refund With Standard Voucher
"San Francisco, USA",Invoice Approver,Jackie,2021-08-03T15:21:39,75,Complete the Customer Memo
"San Francisco, USA",Invoice Approver,Jackie,2021-08-04T09:49:43,75,Reject Invoice
"San Francisco, USA",Invoice Processor,Aiden,2021-08-04T13:10:36,75,Refund With Standard Voucher
"San Francisco, USA",Invoice Approver,Jackie,2021-08-04T14:51:45,75,Complete the Customer Memo
"San Francisco, USA",Invoice Approver,Jackie,2021-08-05T09:51:12,75,Approve Invoice
"San Francisco, USA",Invoice Processor,Aiden,2021-08-05T13:12:22,75,Credit Memo Creation
"San Francisco, USA",Invoice Processor,Aiden,2021-08-05T14:47:05,75,Fill Credit Memo
"San Francisco, USA",Invoice Processor,Aiden,2021-08-05T15:50:49,75,Re-issuing the invoice
"San Francisco, USA",Invoice Processor,Aiden,2021-08-04T09:10:02,76,Invoice Entry
"San Francisco, USA",Invoice Processor,Aiden,2021-08-04T11:18:20,76,Check Customer Payment
"San Francisco, USA",Invoice Processor,Aiden,2021-08-04T12:40:36,76,Credit Memo Entry
"San Francisco, USA",Invoice Processor,Aiden,2021-08-04T14:30:53,76,Refund Customer
"San Francisco, USA",Invoice Processor,Aiden,2021-08-04T16:57:35,76,Re-issuing the invoice
"San Francisco, USA",Invoice Processor,Aiden,2021-08-04T09:20:03,77,Invoice Entry
"San Francisco, USA",Invoice Processor,Aiden,2021-08-04T11:12:35,77,Confirm Payment Received
"San Francisco, USA",Invoice Processor,Aiden,2021-08-04T13:40:31,77,Refund With Standard Voucher
"San Francisco, USA",Invoice Approver,Jackie,2021-08-04T14:24:56,77,Complete the Customer Memo
"San Francisco, USA",Invoice Approver,Jackie,2021-08-04T17:26:23,77,Reject Invoice
"San Francisco, USA",Invoice Processor,Aiden,2021-08-05T09:48:09,77,Refund With Standard Voucher
"San Francisco, USA",Invoice Approver,Jackie,2021-08-05T11:32:46,77,Complete the Customer Memo
"San Francisco, USA",Invoice Approver,Jackie,2021-08-05T15:35:57,77,Reject Invoice
"San Francisco, USA",Invoice Processor,Aiden,2021-08-06T09:03:20,77,Refund With Standard Voucher
"San Francisco, USA",Invoice Approver,Jackie,2021-08-06T10:39:38,77,Complete the Customer Memo
"San Francisco, USA",Invoice Approver,Jackie,2021-08-06T13:01:53,77,Approve Invoice
"San Francisco, USA",Invoice Processor,Aiden,2021-08-06T17:39:07,77,Credit Memo Creation
"San Francisco, USA",Invoice Processor,Aiden,2021-08-09T09:59:38,77,Fill Credit Memo
"San Francisco, USA",Invoice Processor,Aiden,2021-08-09T11:23:34,77,Re-issuing the invoice
"Seattle, USA",Invoice Processor,Riley,2021-08-04T09:30:02,78,Invoice Entry
"Seattle, USA",Invoice Processor,Riley,2021-08-04T11:06:01,78,Confirm Payment Received
"Seattle, USA",Invoice Processor,Riley,2021-08-04T12:33:54,78,Refund With Standard Voucher
"Seattle, USA",Invoice Approver,Addison,2021-08-04T13:23:28,78,Complete the Customer Memo
"Seattle, USA",Invoice Approver,Addison,2021-08-04T16:10:45,78,Reject Invoice
"Seattle, USA",Invoice Processor,Riley,2021-08-05T09:30:08,78,Refund With Standard Voucher
"Seattle, USA",Invoice Approver,Addison,2021-08-05T10:14:43,78,Complete the Customer Memo
"Seattle, USA",Invoice Approver,Addison,2021-08-05T14:18:24,78,Reject Invoice
"Seattle, USA",Invoice Processor,Riley,2021-08-05T16:33:11,78,Refund With Standard Voucher
"Seattle, USA",Invoice Approver,Addison,2021-08-05T17:28:14,78,Complete the Customer Memo
"Seattle, USA",Invoice Approver,Addison,2021-08-06T09:56:19,78,Approve Invoice
"Seattle, USA",Invoice Processor,Riley,2021-08-06T12:57:25,78,Credit Memo Creation
"Seattle, USA",Invoice Processor,Riley,2021-08-06T13:56:43,78,Fill Credit Memo
"Seattle, USA",Invoice Processor,Riley,2021-08-06T14:39:35,78,Re-issuing the invoice
"San Francisco, USA",Invoice Processor,Aiden,2021-08-04T14:16:47,79,Invoice Entry
"San Francisco, USA",Invoice Processor,Aiden,2021-08-04T16:11:12,79,Confirm Payment Received
"San Francisco, USA",Invoice Processor,Aiden,2021-08-05T09:32:52,79,Refund With Standard Voucher
"San Francisco, USA",Invoice Approver,Jackie,2021-08-05T11:06:08,79,Complete the Customer Memo
"San Francisco, USA",Invoice Approver,Jackie,2021-08-05T13:41:13,79,Reject Invoice
"San Francisco, USA",Invoice Processor,Aiden,2021-08-05T17:44:07,79,Refund With Standard Voucher
"San Francisco, USA",Invoice Approver,Jackie,2021-08-06T09:25:02,79,Complete the Customer Memo
"San Francisco, USA",Invoice Approver,Jackie,2021-08-06T13:24:24,79,Reject Invoice
"San Francisco, USA",Invoice Processor,Aiden,2021-08-06T15:25:33,79,Refund With Standard Voucher
"San Francisco, USA",Invoice Approver,Jackie,2021-08-06T16:41:40,79,Complete the Customer Memo
"San Francisco, USA",Invoice Approver,Jackie,2021-08-09T09:47:09,79,Reject Invoice
"San Francisco, USA",Invoice Processor,Aiden,2021-08-09T13:01:15,79,Refund With Standard Voucher
"San Francisco, USA",Invoice Approver,Jackie,2021-08-09T14:20:37,79,Complete the Customer Memo
"San Francisco, USA",Invoice Approver,Jackie,2021-08-09T17:33:41,79,Approve Invoice
"San Francisco, USA",Invoice Processor,Aiden,2021-08-10T09:45:36,79,Credit Memo Creation
"San Francisco, USA",Invoice Processor,Aiden,2021-08-10T11:19:21,79,Fill Credit Memo
"San Francisco, USA",Invoice Processor,Aiden,2021-08-10T12:33:17,79,Re-issuing the invoice
"Seattle, USA",Invoice Processor,Riley,2021-08-04T14:26:48,80,Invoice Entry
"Seattle, USA",Invoice Processor,Riley,2021-08-04T15:42:18,80,Confirm Payment Received
"Seattle, USA",Invoice Processor,Riley,2021-08-04T16:59:11,80,Refund With Standard Voucher
"Seattle, USA",Invoice Approver,Addison,2021-08-05T09:08:22,80,Complete the Customer Memo
"Seattle, USA",Invoice Approver,Addison,2021-08-05T11:59:29,80,Reject Invoice
"Seattle, USA",Invoice Processor,Riley,2021-08-05T15:06:46,80,Refund With Standard Voucher
"Seattle, USA",Invoice Approver,Addison,2021-08-05T16:13:20,80,Complete the Customer Memo
"Seattle, USA",Invoice Approver,Addison,2021-08-06T09:46:18,80,Approve Invoice
"Seattle, USA",Invoice Processor,Riley,2021-08-06T12:47:55,80,Credit Memo Creation
"Seattle, USA",Invoice Processor,Riley,2021-08-06T13:20:24,80,Fill Credit Memo
"Seattle, USA",Invoice Processor,Riley,2021-08-06T13:53:59,80,Re-issuing the invoice
"Seattle, USA",Invoice Processor,Riley,2021-08-05T09:55:32,81,Invoice Entry
"Seattle, USA",Invoice Processor,Riley,2021-08-05T11:00:02,81,Confirm Payment Received
"Seattle, USA",Invoice Processor,Riley,2021-08-05T12:49:31,81,Refund With Standard Voucher
"Seattle, USA",Invoice Approver,Addison,2021-08-05T13:55:27,81,Complete the Customer Memo
"Seattle, USA",Invoice Approver,Addison,2021-08-05T17:25:58,81,Approve Invoice
"Seattle, USA",Invoice Processor,Riley,2021-08-06T09:04:52,81,Credit Memo Creation
"Seattle, USA",Invoice Processor,Riley,2021-08-06T10:04:02,81,Fill Credit Memo
"Seattle, USA",Invoice Processor,Riley,2021-08-06T11:06:13,81,Re-issuing the invoice
"San Diego, USA",Invoice Processor,Adrian,2021-08-05T13:43:27,82,Invoice Entry
"San Diego, USA",Invoice Processor,Adrian,2021-08-06T09:59:41,82,Check Customer Payment
"San Diego, USA",Invoice Processor,Adrian,2021-08-06T16:57:18,82,Credit Memo Entry
"San Diego, USA",Invoice Processor,Adrian,2021-08-09T09:55:13,82,Refund Customer
"San Diego, USA",Invoice Processor,Adrian,2021-08-09T12:58:15,82,Re-issuing the invoice
"San Diego, USA",Invoice Processor,Casey,2021-08-05T16:49:31,83,Invoice Entry
"San Diego, USA",Invoice Processor,Casey,2021-08-06T09:37:49,83,Confirm Payment Received
"San Diego, USA",Invoice Processor,Casey,2021-08-06T17:50:45,83,Refund With Standard Voucher
"San Diego, USA",Invoice Approver,Jessie,2021-08-09T09:14:45,83,Complete the Customer Memo
"San Diego, USA",Invoice Approver,Jessie,2021-08-09T17:56:35,83,Reject Invoice
"San Diego, USA",Invoice Processor,Casey,2021-08-10T09:18:15,83,Refund With Special Voucher
"San Diego, USA",Invoice Approver,Jessie,2021-08-11T09:12:29,83,Complete the Customer Memo
"San Diego, USA",Invoice Approver,Jessie,2021-08-11T17:56:48,83,Reject Invoice
"San Diego, USA",Invoice Processor,Casey,2021-08-12T09:26:57,83,Refund With Special Voucher
"San Diego, USA",Invoice Approver,Jessie,2021-08-13T09:28:32,83,Complete the Customer Memo
"San Diego, USA",Invoice Approver,Jessie,2021-08-16T09:10:41,83,Reject Invoice
"San Diego, USA",Invoice Processor,Casey,2021-08-17T09:38:04,83,Refund With Special Voucher
"San Diego, USA",Invoice Approver,Jessie,2021-08-18T09:46:37,83,Complete the Customer Memo
"San Diego, USA",Invoice Approver,Jessie,2021-08-19T09:37:22,83,Approve Invoice
"San Diego, USA",Invoice Processor,Casey,2021-08-20T09:33:14,83,Credit Memo Creation
"San Diego, USA",Invoice Processor,Casey,2021-08-23T09:21:53,83,Fill Credit Memo
"San Diego, USA",Invoice Processor,Casey,2021-08-23T15:38:35,83,Re-issuing the invoice
"Seattle, USA",Invoice Processor,Riley,2021-08-05T16:59:30,84,Invoice Entry
"Seattle, USA",Invoice Processor,Riley,2021-08-06T09:28:50,84,Check Customer Payment
"Seattle, USA",Invoice Processor,Riley,2021-08-06T10:13:19,84,Credit Memo Entry
"Seattle, USA",Invoice Processor,Riley,2021-08-06T10:51:18,84,Refund Customer
"Seattle, USA",Invoice Processor,Riley,2021-08-06T11:41:27,84,Re-issuing the invoice
"San Francisco, USA",Invoice Processor,Aiden,2021-08-06T09:37:45,85,Invoice Entry
"San Francisco, USA",Invoice Processor,Aiden,2021-08-06T11:15:04,85,Confirm Payment Received
"San Francisco, USA",Invoice Processor,Aiden,2021-08-06T13:35:50,85,Refund With Standard Voucher
"San Francisco, USA",Invoice Approver,Jackie,2021-08-06T15:50:21,85,Complete the Customer Memo
"San Francisco, USA",Invoice Approver,Jackie,2021-08-06T17:46:40,85,Approve Invoice
"San Francisco, USA",Invoice Processor,Aiden,2021-08-09T09:40:46,85,Credit Memo Creation
"San Francisco, USA",Invoice Processor,Aiden,2021-08-09T10:24:40,85,Fill Credit Memo
"San Francisco, USA",Invoice Processor,Aiden,2021-08-09T12:02:11,85,Re-issuing the invoice
"Seattle, USA",Invoice Processor,Riley,2021-08-06T09:47:44,86,Invoice Entry
"Seattle, USA",Invoice Processor,Riley,2021-08-06T11:09:52,86,Check Customer Payment
"Seattle, USA",Invoice Processor,Riley,2021-08-06T12:06:31,86,Credit Memo Entry
"Seattle, USA",Invoice Processor,Riley,2021-08-06T13:08:59,86,Refund Customer
"Seattle, USA",Invoice Processor,Riley,2021-08-06T14:08:23,86,Re-issuing the invoice
"San Francisco, USA",Invoice Processor,Aiden,2021-08-06T09:57:44,87,Invoice Entry
"San Francisco, USA",Invoice Processor,Aiden,2021-08-06T11:42:27,87,Check Customer Payment
"San Francisco, USA",Invoice Processor,Aiden,2021-08-06T13:14:00,87,Credit Memo Entry
"San Francisco, USA",Invoice Processor,Aiden,2021-08-06T14:58:41,87,Refund Customer
"San Francisco, USA",Invoice Processor,Aiden,2021-08-06T17:24:28,87,Re-issuing the invoice
"Seattle, USA",Invoice Processor,Riley,2021-08-06T14:55:56,88,Invoice Entry
"Seattle, USA",Invoice Processor,Riley,2021-08-06T15:59:24,88,Check Customer Payment
"Seattle, USA",Invoice Processor,Riley,2021-08-06T16:51:28,88,Credit Memo Entry
"Seattle, USA",Invoice Processor,Riley,2021-08-06T17:27:29,88,Refund Customer
"Seattle, USA",Invoice Processor,Riley,2021-08-09T09:16:21,88,Re-issuing the invoice
"Seattle, USA",Invoice Processor,Riley,2021-08-09T09:43:53,89,Invoice Entry
"Seattle, USA",Invoice Processor,Riley,2021-08-09T11:37:08,89,Check Customer Payment
"Seattle, USA",Invoice Processor,Riley,2021-08-09T12:56:19,89,Credit Memo Entry
"Seattle, USA",Invoice Processor,Riley,2021-08-09T13:55:44,89,Refund Customer
"Seattle, USA",Invoice Processor,Riley,2021-08-09T14:48:31,89,Re-issuing the invoice
"Seattle, USA",Invoice Processor,Riley,2021-08-10T09:16:32,90,Invoice Entry
"Seattle, USA",Invoice Processor,Riley,2021-08-10T10:50:04,90,Confirm Payment Received
"Seattle, USA",Invoice Processor,Riley,2021-08-10T12:13:43,90,Refund With Standard Voucher
"Seattle, USA",Invoice Approver,Addison,2021-08-10T13:20:44,90,Complete the Customer Memo
"Seattle, USA",Invoice Approver,Addison,2021-08-10T17:19:41,90,Reject Invoice
"Seattle, USA",Invoice Processor,Riley,2021-08-11T09:40:45,90,Refund With Standard Voucher
"Seattle, USA",Invoice Approver,Addison,2021-08-11T10:09:50,90,Complete the Customer Memo
"Seattle, USA",Invoice Approver,Addison,2021-08-11T13:06:56,90,Approve Invoice
"Seattle, USA",Invoice Processor,Riley,2021-08-11T15:58:56,90,Credit Memo Creation
"Seattle, USA",Invoice Processor,Riley,2021-08-11T16:35:36,90,Fill Credit Memo
"Seattle, USA",Invoice Processor,Riley,2021-08-11T17:33:06,90,Re-issuing the invoice
"Seattle, USA",Invoice Processor,Riley,2021-08-10T09:26:31,91,Invoice Entry
"Seattle, USA",Invoice Processor,Riley,2021-08-10T10:49:20,91,Confirm Payment Received
"Seattle, USA",Invoice Processor,Riley,2021-08-10T12:13:10,91,Refund With Standard Voucher
"Seattle, USA",Invoice Approver,Addison,2021-08-10T12:51:05,91,Complete the Customer Memo
"Seattle, USA",Invoice Approver,Addison,2021-08-10T15:24:55,91,Approve Invoice
"Seattle, USA",Invoice Processor,Riley,2021-08-11T09:14:09,91,Credit Memo Creation
"Seattle, USA",Invoice Processor,Riley,2021-08-11T09:41:12,91,Fill Credit Memo
"Seattle, USA",Invoice Processor,Riley,2021-08-11T10:17:42,91,Re-issuing the invoice
"San Diego, USA",Invoice Processor,Adrian,2021-08-10T09:36:31,92,Invoice Entry
"San Diego, USA",Invoice Processor,Adrian,2021-08-10T14:46:53,92,Confirm Payment Received
"San Diego, USA",Invoice Processor,Adrian,2021-08-11T09:20:56,92,Refund With Standard Voucher
"San Diego, USA",Invoice Approver,Jessie,2021-08-11T15:52:00,92,Complete the Customer Memo
"San Diego, USA",Invoice Approver,Jessie,2021-08-12T09:39:51,92,Reject Invoice
"San Diego, USA",Invoice Processor,Adrian,2021-08-12T17:25:36,92,Refund With Special Voucher
"San Diego, USA",Invoice Approver,Jessie,2021-08-13T09:02:29,92,Complete the Customer Memo
"San Diego, USA",Invoice Approver,Jessie,2021-08-13T16:59:33,92,Reject Invoice
"San Diego, USA",Invoice Processor,Adrian,2021-08-16T09:04:17,92,Refund With Special Voucher
"San Diego, USA",Invoice Approver,Jessie,2021-08-17T09:03:34,92,Complete the Customer Memo
"San Diego, USA",Invoice Approver,Jessie,2021-08-17T17:48:17,92,Approve Invoice
"San Diego, USA",Invoice Processor,Adrian,2021-08-18T09:54:02,92,Credit Memo Creation
"San Diego, USA",Invoice Processor,Adrian,2021-08-18T16:30:45,92,Fill Credit Memo
"San Diego, USA",Invoice Processor,Adrian,2021-08-19T09:48:08,92,Re-issuing the invoice
"San Francisco, USA",Invoice Processor,Aiden,2021-08-10T16:05:46,93,Invoice Entry
"San Francisco, USA",Invoice Processor,Aiden,2021-08-10T17:37:49,93,Confirm Payment Received
"San Francisco, USA",Invoice Processor,Aiden,2021-08-11T09:36:10,93,Refund With Standard Voucher
"San Francisco, USA",Invoice Approver,Jackie,2021-08-11T10:55:11,93,Complete the Customer Memo
"San Francisco, USA",Invoice Approver,Jackie,2021-08-11T14:29:24,93,Reject Invoice
"San Francisco, USA",Invoice Processor,Aiden,2021-08-11T17:22:54,93,Refund With Standard Voucher
"San Francisco, USA",Invoice Approver,Jackie,2021-08-12T09:51:37,93,Complete the Customer Memo
"San Francisco, USA",Invoice Approver,Jackie,2021-08-12T14:07:46,93,Approve Invoice
"San Francisco, USA",Invoice Processor,Aiden,2021-08-13T09:12:54,93,Credit Memo Creation
"San Francisco, USA",Invoice Processor,Aiden,2021-08-13T11:09:44,93,Fill Credit Memo
"San Francisco, USA",Invoice Processor,Aiden,2021-08-13T12:00:43,93,Re-issuing the invoice
"San Diego, USA",Invoice Processor,Abbie,2021-08-11T09:08:32,94,Invoice Entry
"San Diego, USA",Invoice Processor,Abbie,2021-08-11T16:17:01,94,Check Customer Payment
"San Diego, USA",Invoice Processor,Abbie,2021-08-12T09:36:13,94,Credit Memo Entry
"San Diego, USA",Invoice Processor,Abbie,2021-08-12T16:43:50,94,Refund Customer
"San Diego, USA",Invoice Processor,Abbie,2021-08-13T09:22:19,94,Re-issuing the invoice
"Seattle, USA",Invoice Processor,Riley,2021-08-12T09:05:41,95,Invoice Entry
"Seattle, USA",Invoice Processor,Riley,2021-08-12T10:04:38,95,Confirm Payment Received
"Seattle, USA",Invoice Processor,Riley,2021-08-12T11:36:07,95,Refund With Standard Voucher
"Seattle, USA",Invoice Approver,Addison,2021-08-12T12:30:28,95,Complete the Customer Memo
"Seattle, USA",Invoice Approver,Addison,2021-08-12T16:42:28,95,Reject Invoice
"Seattle, USA",Invoice Processor,Riley,2021-08-13T09:55:38,95,Refund With Standard Voucher
"Seattle, USA",Invoice Approver,Addison,2021-08-13T10:18:18,95,Complete the Customer Memo
"Seattle, USA",Invoice Approver,Addison,2021-08-13T13:39:55,95,Approve Invoice
"Seattle, USA",Invoice Processor,Riley,2021-08-13T16:47:07,95,Credit Memo Creation
"Seattle, USA",Invoice Processor,Riley,2021-08-13T17:44:26,95,Fill Credit Memo
"Seattle, USA",Invoice Processor,Riley,2021-08-16T09:00:25,95,Re-issuing the invoice
"Seattle, USA",Invoice Processor,Riley,2021-08-12T09:15:41,96,Invoice Entry
"Seattle, USA",Invoice Processor,Riley,2021-08-12T10:25:42,96,Confirm Payment Received
"Seattle, USA",Invoice Processor,Riley,2021-08-12T12:12:58,96,Refund With Standard Voucher
"Seattle, USA",Invoice Approver,Addison,2021-08-12T13:17:53,96,Complete the Customer Memo
"Seattle, USA",Invoice Approver,Addison,2021-08-12T15:46:13,96,Approve Invoice
"Seattle, USA",Invoice Processor,Riley,2021-08-13T09:05:48,96,Credit Memo Creation
"Seattle, USA",Invoice Processor,Riley,2021-08-13T09:53:38,96,Fill Credit Memo
"Seattle, USA",Invoice Processor,Riley,2021-08-13T10:36:21,96,Re-issuing the invoice
"Seattle, USA",Invoice Processor,Riley,2021-08-12T15:50:18,97,Invoice Entry
"Seattle, USA",Invoice Processor,Riley,2021-08-12T17:50:08,97,Confirm Payment Received
"Seattle, USA",Invoice Processor,Riley,2021-08-13T09:09:35,97,Refund With Standard Voucher
"Seattle, USA",Invoice Approver,Addison,2021-08-13T10:01:39,97,Complete the Customer Memo
"Seattle, USA",Invoice Approver,Addison,2021-08-13T13:34:39,97,Approve Invoice
"Seattle, USA",Invoice Processor,Riley,2021-08-13T16:40:00,97,Credit Memo Creation
"Seattle, USA",Invoice Processor,Riley,2021-08-13T17:26:15,97,Fill Credit Memo
"Seattle, USA",Invoice Processor,Riley,2021-08-13T17:43:18,97,Re-issuing the invoice
"San Francisco, USA",Invoice Processor,Aiden,2021-08-13T09:30:11,98,Invoice Entry
"San Francisco, USA",Invoice Processor,Aiden,2021-08-13T11:28:11,98,Check Customer Payment
"San Francisco, USA",Invoice Processor,Aiden,2021-08-13T12:53:02,98,Credit Memo Entry
"San Francisco, USA",Invoice Processor,Aiden,2021-08-13T13:55:02,98,Refund Customer
"San Francisco, USA",Invoice Processor,Aiden,2021-08-13T15:11:47,98,Re-issuing the invoice
"Seattle, USA",Invoice Processor,Riley,2021-08-13T13:28:45,99,Invoice Entry
"Seattle, USA",Invoice Processor,Riley,2021-08-13T14:33:15,99,Check Customer Payment
"Seattle, USA",Invoice Processor,Riley,2021-08-13T15:34:22,99,Credit Memo Entry
"Seattle, USA",Invoice Processor,Riley,2021-08-13T16:40:55,99,Refund Customer
"Seattle, USA",Invoice Processor,Riley,2021-08-16T09:15:06,99,Re-issuing the invoice
"Seattle, USA",Invoice Processor,Riley,2021-08-13T13:38:45,100,Invoice Entry
"Seattle, USA",Invoice Processor,Riley,2021-08-13T14:43:54,100,Check Customer Payment
"Seattle, USA",Invoice Processor,Riley,2021-08-13T15:54:35,100,Credit Memo Entry
"Seattle, USA",Invoice Processor,Riley,2021-08-13T17:16:25,100,Refund Customer
"Seattle, USA",Invoice Processor,Riley,2021-08-16T09:49:26,100,Re-issuing the invoice
"Seattle, USA",Invoice Processor,Riley,2021-08-13T16:12:15,101,Invoice Entry
"Seattle, USA",Invoice Processor,Riley,2021-08-13T17:35:26,101,Check Customer Payment
"Seattle, USA",Invoice Processor,Riley,2021-08-16T09:34:44,101,Credit Memo Entry
"Seattle, USA",Invoice Processor,Riley,2021-08-16T10:26:57,101,Refund Customer
"Seattle, USA",Invoice Processor,Riley,2021-08-16T11:24:28,101,Re-issuing the invoice
"San Diego, USA",Invoice Processor,Abbie,2021-08-13T16:22:14,102,Invoice Entry
"San Diego, USA",Invoice Processor,Abbie,2021-08-16T09:27:05,102,Check Customer Payment
"San Diego, USA",Invoice Processor,Abbie,2021-08-16T17:06:41,102,Credit Memo Entry
"San Diego, USA",Invoice Processor,Abbie,2021-08-17T09:26:25,102,Refund Customer
"San Diego, USA",Invoice Processor,Abbie,2021-08-17T14:44:19,102,Re-issuing the invoice
"San Diego, USA",Invoice Processor,Adrian,2021-08-16T09:02:17,103,Invoice Entry
"San Diego, USA",Invoice Processor,Adrian,2021-08-16T16:00:37,103,Confirm Payment Received
"San Diego, USA",Invoice Processor,Adrian,2021-08-17T09:41:26,103,Refund With Standard Voucher
"San Diego, USA",Invoice Approver,Jessie,2021-08-17T14:50:42,103,Complete the Customer Memo
"San Diego, USA",Invoice Approver,Jessie,2021-08-18T09:30:49,103,Approve Invoice
"San Diego, USA",Invoice Processor,Adrian,2021-08-18T17:58:22,103,Credit Memo Creation
"San Diego, USA",Invoice Processor,Adrian,2021-08-19T09:46:40,103,Fill Credit Memo
"San Diego, USA",Invoice Processor,Adrian,2021-08-19T14:59:00,103,Re-issuing the invoice
"Seattle, USA",Invoice Processor,Riley,2021-08-16T13:47:06,104,Invoice Entry
"Seattle, USA",Invoice Processor,Riley,2021-08-16T14:55:06,104,Check Customer Payment
"Seattle, USA",Invoice Processor,Riley,2021-08-16T16:09:09,104,Credit Memo Entry
"Seattle, USA",Invoice Processor,Riley,2021-08-16T16:54:11,104,Refund Customer
"Seattle, USA",Invoice Processor,Riley,2021-08-16T17:55:45,104,Re-issuing the invoice
"San Francisco, USA",Invoice Processor,Aiden,2021-08-16T13:57:06,105,Invoice Entry
"San Francisco, USA",Invoice Processor,Aiden,2021-08-16T15:35:33,105,Confirm Payment Received
"San Francisco, USA",Invoice Processor,Aiden,2021-08-16T17:29:36,105,Refund With Standard Voucher
"San Francisco, USA",Invoice Approver,Jackie,2021-08-17T09:40:16,105,Complete the Customer Memo
"San Francisco, USA",Invoice Approver,Jackie,2021-08-17T15:57:43,105,Approve Invoice
"San Francisco, USA",Invoice Processor,Aiden,2021-08-18T09:59:52,105,Credit Memo Creation
"San Francisco, USA",Invoice Processor,Aiden,2021-08-18T10:54:30,105,Fill Credit Memo
"San Francisco, USA",Invoice Processor,Aiden,2021-08-18T12:30:11,105,Re-issuing the invoice
"San Francisco, USA",Invoice Processor,Aiden,2021-08-16T14:07:06,106,Invoice Entry
"San Francisco, USA",Invoice Processor,Aiden,2021-08-16T15:48:39,106,Check Customer Payment
"San Francisco, USA",Invoice Processor,Aiden,2021-08-16T17:39:51,106,Credit Memo Entry
"San Francisco, USA",Invoice Processor,Aiden,2021-08-17T09:34:18,106,Refund Customer
"San Francisco, USA",Invoice Processor,Aiden,2021-08-17T11:56:59,106,Re-issuing the invoice
"San Francisco, USA",Invoice Processor,Aiden,2021-08-16T14:17:06,107,Invoice Entry
"San Francisco, USA",Invoice Processor,Aiden,2021-08-16T16:11:18,107,Confirm Payment Received
"San Francisco, USA",Invoice Processor,Aiden,2021-08-17T09:22:10,107,Refund With Standard Voucher
"San Francisco, USA",Invoice Approver,Jackie,2021-08-17T11:03:11,107,Complete the Customer Memo
"San Francisco, USA",Invoice Approver,Jackie,2021-08-17T14:12:50,107,Approve Invoice
"San Francisco, USA",Invoice Processor,Aiden,2021-08-17T17:37:11,107,Credit Memo Creation
"San Francisco, USA",Invoice Processor,Aiden,2021-08-18T09:04:36,107,Fill Credit Memo
"San Francisco, USA",Invoice Processor,Aiden,2021-08-18T10:17:14,107,Re-issuing the invoice
"San Diego, USA",Invoice Processor,Abbie,2021-08-17T09:50:50,108,Invoice Entry
"San Diego, USA",Invoice Processor,Abbie,2021-08-17T16:11:54,108,Confirm Payment Received
"San Diego, USA",Invoice Processor,Abbie,2021-08-18T09:57:32,108,Refund With Standard Voucher
"San Diego, USA",Invoice Approver,Jessie,2021-08-18T17:03:36,108,Complete the Customer Memo
"San Diego, USA",Invoice Approver,Jessie,2021-08-19T09:05:37,108,Reject Invoice
"San Diego, USA",Invoice Processor,Abbie,2021-08-20T09:04:48,108,Refund With Standard Voucher
"San Diego, USA",Invoice Approver,Jessie,2021-08-20T12:15:09,108,Complete the Customer Memo
"San Diego, USA",Invoice Approver,Jessie,2021-08-23T09:18:16,108,Reject Invoice
"San Diego, USA",Invoice Processor,Abbie,2021-08-23T15:17:23,108,Refund With Standard Voucher
"San Diego, USA",Invoice Approver,Jessie,2021-08-24T09:14:21,108,Complete the Customer Memo
"San Diego, USA",Invoice Approver,Jessie,2021-08-25T09:29:45,108,Approve Invoice
"San Diego, USA",Invoice Processor,Abbie,2021-08-26T09:58:17,108,Credit Memo Creation
"San Diego, USA",Invoice Processor,Abbie,2021-08-26T15:36:22,108,Fill Credit Memo
"San Diego, USA",Invoice Processor,Abbie,2021-08-27T09:17:31,108,Re-issuing the invoice
"San Diego, USA",Invoice Processor,Adrian,2021-08-17T15:38:07,109,Invoice Entry
"San Diego, USA",Invoice Processor,Adrian,2021-08-18T09:29:35,109,Check Customer Payment
"San Diego, USA",Invoice Processor,Adrian,2021-08-18T15:23:59,109,Credit Memo Entry
"San Diego, USA",Invoice Processor,Adrian,2021-08-19T09:01:03,109,Refund Customer
"San Diego, USA",Invoice Processor,Adrian,2021-08-19T14:27:26,109,Re-issuing the invoice
"San Francisco, USA",Invoice Processor,Aiden,2021-08-18T09:27:29,110,Invoice Entry
"San Francisco, USA",Invoice Processor,Aiden,2021-08-18T11:14:24,110,Check Customer Payment
"San Francisco, USA",Invoice Processor,Aiden,2021-08-18T13:11:22,110,Credit Memo Entry
"San Francisco, USA",Invoice Processor,Aiden,2021-08-18T14:36:24,110,Refund Customer
"San Francisco, USA",Invoice Processor,Aiden,2021-08-18T16:03:25,110,Re-issuing the invoice
"Seattle, USA",Invoice Processor,Riley,2021-08-18T09:37:28,111,Invoice Entry
"Seattle, USA",Invoice Processor,Riley,2021-08-18T10:40:56,111,Confirm Payment Received
"Seattle, USA",Invoice Processor,Riley,2021-08-18T11:50:31,111,Refund With Standard Voucher
"Seattle, USA",Invoice Approver,Addison,2021-08-18T12:46:51,111,Complete the Customer Memo
"Seattle, USA",Invoice Approver,Addison,2021-08-18T15:30:55,111,Approve Invoice
"Seattle, USA",Invoice Processor,Riley,2021-08-19T09:24:21,111,Credit Memo Creation
"Seattle, USA",Invoice Processor,Riley,2021-08-19T09:47:19,111,Fill Credit Memo
"Seattle, USA",Invoice Processor,Riley,2021-08-19T10:40:00,111,Re-issuing the invoice
"Seattle, USA",Invoice Processor,Riley,2021-08-18T17:46:43,112,Invoice Entry
"Seattle, USA",Invoice Processor,Riley,2021-08-19T09:11:28,112,Check Customer Payment
"Seattle, USA",Invoice Processor,Riley,2021-08-19T09:56:37,112,Credit Memo Entry
"Seattle, USA",Invoice Processor,Riley,2021-08-19T11:11:50,112,Refund Customer
"Seattle, USA",Invoice Processor,Riley,2021-08-19T12:44:25,112,Re-issuing the invoice
"Seattle, USA",Invoice Processor,Riley,2021-08-18T17:56:43,113,Invoice Entry
"Seattle, USA",Invoice Processor,Riley,2021-08-19T09:54:05,113,Confirm Payment Received
"Seattle, USA",Invoice Processor,Riley,2021-08-19T11:13:56,113,Refund With Standard Voucher
"Seattle, USA",Invoice Approver,Addison,2021-08-19T12:08:43,113,Complete the Customer Memo
"Seattle, USA",Invoice Approver,Addison,2021-08-19T14:49:47,113,Reject Invoice
"Seattle, USA",Invoice Processor,Riley,2021-08-19T17:17:39,113,Refund With Standard Voucher
"Seattle, USA",Invoice Approver,Addison,2021-08-20T09:08:42,113,Complete the Customer Memo
"Seattle, USA",Invoice Approver,Addison,2021-08-20T11:33:40,113,Reject Invoice
"Seattle, USA",Invoice Processor,Riley,2021-08-20T13:45:31,113,Refund With Standard Voucher
"Seattle, USA",Invoice Approver,Addison,2021-08-20T14:42:44,113,Complete the Customer Memo
"Seattle, USA",Invoice Approver,Addison,2021-08-20T17:05:47,113,Reject Invoice
"Seattle, USA",Invoice Processor,Riley,2021-08-23T09:22:53,113,Refund With Standard Voucher
"Seattle, USA",Invoice Approver,Addison,2021-08-23T10:03:15,113,Complete the Customer Memo
"Seattle, USA",Invoice Approver,Addison,2021-08-23T14:13:20,113,Approve Invoice
"Seattle, USA",Invoice Processor,Riley,2021-08-23T17:10:21,113,Credit Memo Creation
"Seattle, USA",Invoice Processor,Riley,2021-08-23T17:51:55,113,Fill Credit Memo
"Seattle, USA",Invoice Processor,Riley,2021-08-24T09:21:01,113,Re-issuing the invoice
"San Diego, USA",Invoice Processor,Abbie,2021-08-19T09:12:39,114,Invoice Entry
"San Diego, USA",Invoice Processor,Abbie,2021-08-19T15:00:32,114,Check Customer Payment
"San Diego, USA",Invoice Processor,Abbie,2021-08-20T09:28:04,114,Credit Memo Entry
"San Diego, USA",Invoice Processor,Abbie,2021-08-20T16:57:52,114,Refund Customer
"San Diego, USA",Invoice Processor,Abbie,2021-08-23T09:31:14,114,Re-issuing the invoice
"San Francisco, USA",Invoice Processor,Aiden,2021-08-19T09:22:39,115,Invoice Entry
"San Francisco, USA",Invoice Processor,Aiden,2021-08-19T10:37:09,115,Check Customer Payment
"San Francisco, USA",Invoice Processor,Aiden,2021-08-19T12:27:07,115,Credit Memo Entry
"San Francisco, USA",Invoice Processor,Aiden,2021-08-19T13:47:45,115,Refund Customer
"San Francisco, USA",Invoice Processor,Aiden,2021-08-19T15:51:54,115,Re-issuing the invoice
"Seattle, USA",Invoice Processor,Riley,2021-08-19T16:53:56,116,Invoice Entry
"Seattle, USA",Invoice Processor,Riley,2021-08-20T09:32:29,116,Confirm Payment Received
"Seattle, USA",Invoice Processor,Riley,2021-08-20T11:07:59,116,Refund With Standard Voucher
"Seattle, USA",Invoice Approver,Addison,2021-08-20T12:16:40,116,Complete the Customer Memo
"Seattle, USA",Invoice Approver,Addison,2021-08-20T15:07:24,116,Reject Invoice
"Seattle, USA",Invoice Processor,Riley,2021-08-20T17:05:25,116,Refund With Standard Voucher
"Seattle, USA",Invoice Approver,Addison,2021-08-20T17:48:17,116,Complete the Customer Memo
"Seattle, USA",Invoice Approver,Addison,2021-08-23T09:17:14,116,Approve Invoice
"Seattle, USA",Invoice Processor,Riley,2021-08-23T12:24:56,116,Credit Memo Creation
"Seattle, USA",Invoice Processor,Riley,2021-08-23T13:24:59,116,Fill Credit Memo
"Seattle, USA",Invoice Processor,Riley,2021-08-23T13:47:34,116,Re-issuing the invoice
"San Diego, USA",Invoice Processor,Casey,2021-08-19T17:03:56,117,Invoice Entry
"San Diego, USA",Invoice Processor,Casey,2021-08-20T09:53:38,117,Check Customer Payment
"San Diego, USA",Invoice Processor,Casey,2021-08-20T17:05:13,117,Credit Memo Entry
"San Diego, USA",Invoice Processor,Casey,2021-08-23T09:05:08,117,Refund Customer
"San Diego, USA",Invoice Processor,Casey,2021-08-23T14:53:37,117,Re-issuing the invoice
"San Diego, USA",Invoice Processor,Abbie,2021-08-20T09:05:25,118,Invoice Entry
"San Diego, USA",Invoice Processor,Abbie,2021-08-20T16:25:26,118,Check Customer Payment
"San Diego, USA",Invoice Processor,Abbie,2021-08-23T09:32:33,118,Credit Memo Entry
"San Diego, USA",Invoice Processor,Abbie,2021-08-23T14:20:15,118,Refund Customer
"San Diego, USA",Invoice Processor,Abbie,2021-08-24T09:31:07,118,Re-issuing the invoice
"San Francisco, USA",Invoice Processor,Aiden,2021-08-20T09:21:45,119,Invoice Entry
"San Francisco, USA",Invoice Processor,Aiden,2021-08-20T11:09:17,119,Check Customer Payment
"San Francisco, USA",Invoice Processor,Aiden,2021-08-20T12:54:41,119,Credit Memo Entry
"San Francisco, USA",Invoice Processor,Aiden,2021-08-20T14:50:11,119,Refund Customer
"San Francisco, USA",Invoice Processor,Aiden,2021-08-20T15:58:52,119,Re-issuing the invoice
"San Diego, USA",Invoice Processor,Adrian,2021-08-20T13:51:54,120,Invoice Entry
"San Diego, USA",Invoice Processor,Adrian,2021-08-23T09:20:35,120,Check Customer Payment
"San Diego, USA",Invoice Processor,Adrian,2021-08-23T15:01:54,120,Credit Memo Entry
"San Diego, USA",Invoice Processor,Adrian,2021-08-24T09:53:38,120,Refund Customer
"San Diego, USA",Invoice Processor,Adrian,2021-08-24T16:54:27,120,Re-issuing the invoice
"Seattle, USA",Invoice Processor,Riley,2021-08-23T09:00:12,121,Invoice Entry
"Seattle, USA",Invoice Processor,Riley,2021-08-23T10:15:02,121,Check Customer Payment
"Seattle, USA",Invoice Processor,Riley,2021-08-23T11:21:40,121,Credit Memo Entry
"Seattle, USA",Invoice Processor,Riley,2021-08-23T12:38:47,121,Refund Customer
"Seattle, USA",Invoice Processor,Riley,2021-08-23T13:48:28,121,Re-issuing the invoice
"San Diego, USA",Invoice Processor,Abbie,2021-08-24T09:22:13,122,Invoice Entry
"San Diego, USA",Invoice Processor,Abbie,2021-08-24T16:42:27,122,Check Customer Payment
"San Diego, USA",Invoice Processor,Abbie,2021-08-25T09:23:53,122,Credit Memo Entry
"San Diego, USA",Invoice Processor,Abbie,2021-08-25T13:51:39,122,Refund Customer
"San Diego, USA",Invoice Processor,Abbie,2021-08-26T09:45:35,122,Re-issuing the invoice
"Seattle, USA",Invoice Processor,Riley,2021-08-24T09:39:09,123,Invoice Entry
"Seattle, USA",Invoice Processor,Riley,2021-08-24T10:28:59,123,Confirm Payment Received
"Seattle, USA",Invoice Processor,Riley,2021-08-24T12:21:40,123,Refund With Standard Voucher
"Seattle, USA",Invoice Approver,Addison,2021-08-24T13:25:43,123,Complete the Customer Memo
"Seattle, USA",Invoice Approver,Addison,2021-08-24T17:33:54,123,Reject Invoice
"Seattle, USA",Invoice Processor,Riley,2021-08-25T09:37:50,123,Refund With Standard Voucher
"Seattle, USA",Invoice Approver,Addison,2021-08-25T10:13:10,123,Complete the Customer Memo
"Seattle, USA",Invoice Approver,Addison,2021-08-25T11:38:41,123,Approve Invoice
"Seattle, USA",Invoice Processor,Riley,2021-08-25T14:58:37,123,Credit Memo Creation
"Seattle, USA",Invoice Processor,Riley,2021-08-25T15:48:30,123,Fill Credit Memo
"Seattle, USA",Invoice Processor,Riley,2021-08-25T16:25:33,123,Re-issuing the invoice
"Seattle, USA",Invoice Processor,Riley,2021-08-25T09:26:21,124,Invoice Entry
"Seattle, USA",Invoice Processor,Riley,2021-08-25T10:48:36,124,Confirm Payment Received
"Seattle, USA",Invoice Processor,Riley,2021-08-25T12:08:19,124,Refund With Standard Voucher
"Seattle, USA",Invoice Approver,Addison,2021-08-25T12:35:14,124,Complete the Customer Memo
"Seattle, USA",Invoice Approver,Addison,2021-08-25T15:19:13,124,Approve Invoice
"Seattle, USA",Invoice Processor,Riley,2021-08-26T09:40:41,124,Credit Memo Creation
"Seattle, USA",Invoice Processor,Riley,2021-08-26T10:31:44,124,Fill Credit Memo
"Seattle, USA",Invoice Processor,Riley,2021-08-26T11:17:29,124,Re-issuing the invoice
"San Diego, USA",Invoice Processor,Abbie,2021-08-25T12:13:55,125,Invoice Entry
"San Diego, USA",Invoice Processor,Abbie,2021-08-26T09:12:39,125,Confirm Payment Received
"San Diego, USA",Invoice Processor,Abbie,2021-08-26T15:41:43,125,Refund With Standard Voucher
"San Diego, USA",Invoice Approver,Jessie,2021-08-27T09:50:04,125,Complete the Customer Memo
"San Diego, USA",Invoice Approver,Jessie,2021-08-30T09:26:22,125,Approve Invoice
"San Diego, USA",Invoice Processor,Abbie,2021-08-31T09:18:54,125,Credit Memo Creation
"San Diego, USA",Invoice Processor,Abbie,2021-08-31T16:57:42,125,Fill Credit Memo
"San Diego, USA",Invoice Processor,Abbie,2021-09-01T09:28:45,125,Re-issuing the invoice
"Seattle, USA",Invoice Processor,Riley,2021-08-25T12:23:56,126,Invoice Entry
"Seattle, USA",Invoice Processor,Riley,2021-08-25T13:37:17,126,Check Customer Payment
"Seattle, USA",Invoice Processor,Riley,2021-08-25T14:52:13,126,Credit Memo Entry
"Seattle, USA",Invoice Processor,Riley,2021-08-25T15:38:19,126,Refund Customer
"Seattle, USA",Invoice Processor,Riley,2021-08-25T16:31:17,126,Re-issuing the invoice
"Seattle, USA",Invoice Processor,Riley,2021-08-25T13:41:23,127,Invoice Entry
"Seattle, USA",Invoice Processor,Riley,2021-08-25T14:53:51,127,Confirm Payment Received
"Seattle, USA",Invoice Processor,Riley,2021-08-25T15:56:23,127,Refund With Standard Voucher
"Seattle, USA",Invoice Approver,Addison,2021-08-25T16:41:32,127,Complete the Customer Memo
"Seattle, USA",Invoice Approver,Addison,2021-08-26T09:24:37,127,Reject Invoice
"Seattle, USA",Invoice Processor,Riley,2021-08-26T11:44:13,127,Refund With Standard Voucher
"Seattle, USA",Invoice Approver,Addison,2021-08-26T12:44:18,127,Complete the Customer Memo
"Seattle, USA",Invoice Approver,Addison,2021-08-26T16:09:21,127,Approve Invoice
"Seattle, USA",Invoice Processor,Riley,2021-08-27T09:33:44,127,Credit Memo Creation
"Seattle, USA",Invoice Processor,Riley,2021-08-27T10:01:43,127,Fill Credit Memo
"Seattle, USA",Invoice Processor,Riley,2021-08-27T10:57:20,127,Re-issuing the invoice
"Seattle, USA",Invoice Processor,Riley,2021-08-26T09:37:46,128,Invoice Entry
"Seattle, USA",Invoice Processor,Riley,2021-08-26T11:13:24,128,Confirm Payment Received
"Seattle, USA",Invoice Processor,Riley,2021-08-26T12:27:00,128,Refund With Standard Voucher
"Seattle, USA",Invoice Approver,Addison,2021-08-26T13:27:49,128,Complete the Customer Memo
"Seattle, USA",Invoice Approver,Addison,2021-08-26T15:53:58,128,Reject Invoice
"Seattle, USA",Invoice Processor,Riley,2021-08-26T17:26:12,128,Refund With Standard Voucher
"Seattle, USA",Invoice Approver,Addison,2021-08-27T09:16:54,128,Complete the Customer Memo
"Seattle, USA",Invoice Approver,Addison,2021-08-27T10:51:36,128,Approve Invoice
"Seattle, USA",Invoice Processor,Riley,2021-08-27T14:09:04,128,Credit Memo Creation
"Seattle, USA",Invoice Processor,Riley,2021-08-27T14:59:00,128,Fill Credit Memo
"Seattle, USA",Invoice Processor,Riley,2021-08-27T15:35:36,128,Re-issuing the invoice
"Seattle, USA",Invoice Processor,Riley,2021-08-26T09:47:47,129,Invoice Entry
"Seattle, USA",Invoice Processor,Riley,2021-08-26T10:58:38,129,Check Customer Payment
"Seattle, USA",Invoice Processor,Riley,2021-08-26T11:57:48,129,Credit Memo Entry
"Seattle, USA",Invoice Processor,Riley,2021-08-26T12:48:12,129,Refund Customer
"Seattle, USA",Invoice Processor,Riley,2021-08-26T12:59:36,129,Re-issuing the invoice
"San Francisco, USA",Invoice Processor,Aiden,2021-08-27T09:38:32,130,Invoice Entry
"San Francisco, USA",Invoice Processor,Aiden,2021-08-27T11:59:10,130,Check Customer Payment
"San Francisco, USA",Invoice Processor,Aiden,2021-08-27T13:51:47,130,Credit Memo Entry
"San Francisco, USA",Invoice Processor,Aiden,2021-08-27T15:09:55,130,Refund Customer
"San Francisco, USA",Invoice Processor,Aiden,2021-08-30T09:20:59,130,Re-issuing the invoice
"Seattle, USA",Invoice Processor,Riley,2021-08-27T09:48:33,131,Invoice Entry
"Seattle, USA",Invoice Processor,Riley,2021-08-27T11:10:13,131,Confirm Payment Received
"Seattle, USA",Invoice Processor,Riley,2021-08-27T11:53:29,131,Refund With Standard Voucher
"Seattle, USA",Invoice Approver,Addison,2021-08-27T12:45:21,131,Complete the Customer Memo
"Seattle, USA",Invoice Approver,Addison,2021-08-27T16:22:45,131,Approve Invoice
"Seattle, USA",Invoice Processor,Riley,2021-08-30T09:59:11,131,Credit Memo Creation
"Seattle, USA",Invoice Processor,Riley,2021-08-30T10:37:22,131,Fill Credit Memo
"Seattle, USA",Invoice Processor,Riley,2021-08-30T11:20:16,131,Re-issuing the invoice
"San Francisco, USA",Invoice Processor,Aiden,2021-08-27T14:10:10,132,Invoice Entry
"San Francisco, USA",Invoice Processor,Aiden,2021-08-27T16:05:54,132,Confirm Payment Received
"San Francisco, USA",Invoice Processor,Aiden,2021-08-30T09:32:46,132,Refund With Standard Voucher
"San Francisco, USA",Invoice Approver,Jackie,2021-08-30T11:06:52,132,Complete the Customer Memo
"San Francisco, USA",Invoice Approver,Jackie,2021-08-30T13:19:37,132,Approve Invoice
"San Francisco, USA",Invoice Processor,Aiden,2021-08-31T09:03:01,132,Credit Memo Creation
"San Francisco, USA",Invoice Processor,Aiden,2021-08-31T10:20:47,132,Fill Credit Memo
"San Francisco, USA",Invoice Processor,Aiden,2021-08-31T11:19:13,132,Re-issuing the invoice
